7.08333333333333e-07,0.005542865574955028,1.870704167695106
1.958333333333333e-06,0.01425339081965919,1.91986923288777
3.208333333333333e-06,0.02530905747639908,1.985648699421404
4.458333333333333e-06,0.03669974433485837,2.033118417538459
5.708333333333333e-06,0.04407018877268497,2.088725801618438
6.958333333333333e-06,0.05546087563114425,2.140942491547199
8.208333333333334e-06,0.06517646148100659,2.170441530662798
9.458333333333332e-06,0.07455702712914952,2.190107556739864
1.070833333333333e-05,0.08527767358417002,2.197906153287666
1.195833333333333e-05,0.09566329983747116,2.198584292117909
1.320833333333333e-05,0.1053788856873335,2.194515459136448
1.445833333333333e-05,0.1164345523440734,2.186716862588646
1.570833333333333e-05,0.1268201785973745,2.176883849550113
1.695833333333333e-05,0.1368707846489562,2.164677350605727
1.820833333333333e-05,0.1472564109022573,2.15043643517061
1.945833333333333e-05,0.1573070169538391,2.13551738090525
2.070833333333333e-05,0.1673576230054208,2.119581118394525
2.195833333333334e-05,0.1774082290570025,2.101610439393068
2.320833333333333e-05,0.1874588351085842,2.082622552146245
2.445833333333334e-05,0.1971744209584466,2.063634664899423
2.570833333333333e-05,0.2062199664048701,2.043968638822358
2.695833333333334e-05,0.2149304916495743,2.022946335084804
2.820833333333333e-05,0.224981097701156,2.001245892517008
2.945833333333334e-05,0.2336916229458601,1.979545449949211
3.070833333333333e-05,0.2424021481905643,1.955810590890683
3.195833333333334e-05,0.2517827138387072,1.932753870662399
3.320833333333333e-05,0.2604932390834114,1.90867994218875
3.445833333333334e-05,0.2681987037229573,1.884266944299978
3.570833333333333e-05,0.2772442491693809,1.858158599335598
3.695833333333333e-05,0.2852847340106463,1.832389323786339
3.820833333333333e-05,0.2933252188519117,1.806620048237081
3.945833333333333e-05,0.3020357440966158,1.780172633857579
4.070833333333334e-05,0.309071168332723,1.752368941817589
4.195833333333333e-05,0.3177816935774272,1.724565249777599
4.320833333333334e-05,0.3248171178135344,1.696083418907366
4.445833333333333e-05,0.332187562251361,1.667940657452255
4.570833333333334e-05,0.3395580066891876,1.638780687751778
4.695833333333333e-05,0.3469284511270142,1.608942579221057
4.820833333333334e-05,0.3539638753631214,1.579104470690337
4.945833333333333e-05,0.3606642793975092,1.549266362159616
5.070833333333334e-05,0.3670296632301777,1.51841104538353
5.195833333333333e-05,0.3744001076680042,1.487555728607444
5.320833333333334e-05,0.3804304712989532,1.456700411831358
5.445833333333333e-05,0.3864608349299023,1.425166956225029
5.570833333333334e-05,0.3928262187625707,1.393294431203577
5.695833333333333e-05,0.3991916025952392,1.361082836767004
5.820833333333334e-05,0.4045519258227494,1.328532172915309
5.945833333333333e-05,0.4112523298571372,1.295642439648492
6.070833333333334e-05,0.4162776328829281,1.263091775796797
6.195833333333333e-05,0.4216379561104383,1.23020204252998
6.320833333333333e-05,0.427333299539668,1.196295101017797
6.445833333333333e-05,0.4323586025654588,1.162727228920737
6.570833333333332e-05,0.4363788449860915,1.128820287408554
6.695833333333333e-05,0.44274422881876,1.094913345896372
6.820833333333333e-05,0.4474345116428314,1.060328265553946
6.945833333333333e-05,0.4507847136600253,1.025404115796398
7.070833333333332e-05,0.4561450368875356,0.9914971742842155
7.195833333333333e-05,0.4594952389047295,0.9562339551115457
7.320833333333333e-05,0.4631804611236428,0.9216488747691197
7.445833333333333e-05,0.4682057641494337,0.88638565559645
7.570833333333332e-05,0.4715559661666275,0.851800575254024
7.695833333333332e-05,0.4759112287889796,0.8161982866662324
7.820833333333333e-05,0.4785913904027347,0.7805959980784409
7.945833333333333e-05,0.4819415924199287,0.7453327789057712
8.070833333333333e-05,0.4852917944371226,0.7093914209028578
8.195833333333332e-05,0.4886419964543165,0.6734500628999445
8.320833333333333e-05,0.4913221580680716,0.6378477743121529
8.445833333333333e-05,0.4936672994801073,0.602923624554605
8.570833333333333e-05,0.4966824812955818,0.566304127721448
8.695833333333332e-05,0.4983575823041788,0.5310409085487783
8.820833333333333e-05,0.501037743917934,0.4954386199609869
8.945833333333333e-05,0.5030478651282503,0.4594972619580735
9.070833333333333e-05,0.5043879459351278,0.4235559039551601
9.195833333333332e-05,0.5063980671454442,0.3876145459522468
9.320833333333333e-05,0.5080731681540411,0.3520122573644552
9.445833333333333e-05,0.5094132489609187,0.3167490381917856
9.570833333333333e-05,0.5107533297677963,0.281146749603994
9.695833333333332e-05,0.5114233701712351,0.2452053916010806
9.820833333333333e-05,0.5124284307763932,0.2102812418435328
9.945833333333333e-05,0.5127634509781126,0.175018022670863
0.0001007083333333333,0.513098471179832,0.1397548034981934
0.0001019583333333333,0.5137685115832707,0.1055087925708891
0.0001032083333333333,0.5137685115832707,0.07024557339821939
0.0001044583333333333,0.5134334913815514,0.03566049305579333
0.0001057083333333333,0.5134334913815514,0.001753551543610917
0.0001069583333333333,0.5134334913815514,-0.03317059821393697
0.0001082083333333333,0.5120934105746738,-0.06707753972611938
0.0001094583333333333,0.5110883499695157,-0.1009844812383018
0.0001107083333333333,0.5104183095660769,-0.1342132839202406
0.0001119583333333333,0.5087432085574799,-0.1681202254324229
0.0001132083333333333,0.5080731681540411,-0.2013490281143617
0.0001144583333333333,0.5063980671454442,-0.2332215531358132
0.0001157083333333333,0.5043879459351278,-0.2664503558177519
0.0001169583333333333,0.5020428045230921,-0.2986619502543252
0.0001182083333333333,0.5000326833127757,-0.3301954058606549
0.0001194583333333333,0.4970175014973012,-0.3613897920518627
0.0001207083333333333,0.4950073802869849,-0.3932623170733142
0.0001219583333333333,0.4926622388749491,-0.4237785644342784
0.0001232083333333333,0.4889770166560359,-0.4529385341347552
0.0001244583333333333,0.4856268146388419,-0.4831157120805976
0.0001257083333333333,0.4822766126216481,-0.51329289002644
0.0001269583333333333,0.4789264106044541,-0.5421137903117951
0.0001282083333333333,0.4745711479821021,-0.5712737600122719
0.0001294583333333333,0.4708859257631888,-0.5990774520522615
0.0001307083333333333,0.4672007035442755,-0.626881144092251
0.0001319583333333333,0.462510420720204,-0.6543457667171189
0.0001332083333333333,0.4581551580978519,-0.6811322505117429
0.0001344583333333333,0.4534648752737804,-0.7072405954761234
0.0001357083333333333,0.4481045520462702,-0.7333489404405038
0.0001369583333333333,0.4434142692221987,-0.7594572854048843
0.0001382083333333333,0.4383889661964079,-0.7845484221238993
0.0001394583333333333,0.4336986833723364,-0.8096395588429143
0.0001407083333333333,0.4280033399431067,-0.833374417901442
0.0001419583333333333,0.4229780369173159,-0.8571092769599696
0.0001432083333333333,0.4169476732863668,-0.8801659971882537
0.0001444583333333333,0.4115873500588566,-0.9032227174165377
0.0001457083333333333,0.4062270268313464,-0.9259403682296999
0.0001469583333333333,0.3995266227969586,-0.9479798802126185
0.0001482083333333333,0.3938312793677289,-0.9693412533652934
0.0001494583333333333,0.3874658955350604,-0.9910416959330902
0.0001507083333333333,0.3811005117023921,-1.010707722010156
0.0001519583333333333,0.3747351278697236,-1.030373748087222
0.0001532083333333333,0.3687047642387746,-1.049700704749166
0.0001544583333333333,0.3623393804061061,-1.068688591995988
0.0001557083333333333,0.3559739965734378,-1.086998340412566
0.0001569583333333333,0.3496086127407693,-1.105647158244267
0.0001582083333333333,0.3422381683029427,-1.123278767830602
0.0001594583333333333,0.3362078046719937,-1.139893169171571
0.0001607083333333333,0.3291723804358865,-1.156846639927662
0.0001619583333333333,0.322806996603218,-1.17312197185351
0.0001632083333333333,0.3154365521653915,-1.18804102611887
0.0001644583333333333,0.3084011279292843,-1.203638219214474
0.0001657083333333333,0.3013657036931771,-1.217879134649591
0.0001669583333333333,0.2946652996587892,-1.232798188914951
0.0001682083333333333,0.287629875422682,-1.246360965519824
0.0001694583333333333,0.2809294713882942,-1.259923742124697
0.0001707083333333333,0.2735590269504676,-1.272808379899326
0.0001719583333333333,0.2658535623109216,-1.285014878843712
0.0001732083333333333,0.2591531582765338,-1.297221377788097
0.0001744583333333333,0.2514476936369878,-1.308749737902239
0.0001757083333333333,0.2440772491991613,-1.319599959186138
0.0001769583333333333,0.237041824963054,-1.330111111054914
0.0001782083333333333,0.2296713805252275,-1.340283193508569
0.0001794583333333333,0.2226359562891203,-1.34977713713198
0.0001807083333333333,0.2149304916495743,-1.359610150170513
0.0001819583333333333,0.2078950674134671,-1.36842595496368
0.0001832083333333333,0.2008596431773599,-1.37758082917197
0.0001844583333333333,0.1931541785378139,-1.385718495134894
0.0001857083333333333,0.1857837340999873,-1.393178022267574
0.0001869583333333333,0.1777432492587219,-1.400637549400254
0.0001882083333333333,0.1703728048208953,-1.408097076532934
0.0001894583333333333,0.1633373805847881,-1.415556603665614
0.0001907083333333333,0.1559669361469615,-1.422337991968051
0.0001919583333333333,0.1485964917091349,-1.428780310855365
0.0001932083333333333,0.1408910270695889,-1.43522262974268
0.0001944583333333333,0.1338556028334817,-1.441664948629994
0.0001957083333333333,0.1261501381939357,-1.447768198102187
0.0001969583333333333,0.1191147139578285,-1.454210516989502
0.0001982083333333333,0.1114092493182825,-1.460652835876816
0.0001994583333333333,0.1037037846787365,-1.467095154764131
0.0002007083333333333,0.09700338064434871,-1.475571890142177
0.0002019583333333333,0.08762281499620578,-1.483031417274857
0.0002032083333333333,0.07991735035665978,-1.494220707973877
0.0002044583333333333,0.07321694632227196,-1.507105345748506
0.0002057083333333333,0.0648414412792872,-1.524058816504598
0.0002069583333333333,0.05646593623630242,-1.547115536732882
0.0002082083333333333,0.04809043119331766,-1.578988061754333
0.0002094583333333333,0.0390448857468941,-1.619676391568952
0.0002107083333333333,0.02999934030047055,-1.666467970855764
0.0002119583333333333,0.02128881505576639,-1.717328383124037
0.0002132083333333333,0.01224326960934284,-1.770223211883042
0.0002144583333333333,0.002862703961199903,-1.824135248887412
0.0002157083333333333,-0.00718790209038182,-1.879064494137147
0.0002169583333333333,-0.01656846773852476,-1.93535001704737
0.0002182083333333333,-0.02695409399182588,-1.991974609372715
0.0002194583333333333,-0.03733972024512699,-2.048599201698059
0.0002207083333333333,-0.0477253464984281,-2.102850308117552
0.0002219583333333333,-0.05710591214657104,-2.147946540328754
0.0002232083333333333,-0.06715651819815277,-2.17880185710484
0.0002244583333333333,-0.07787716465317326,-2.194399050200444
0.0002257083333333333,-0.08759275050303561,-2.199824160842393
0.0002269583333333333,-0.0983133969580561,-2.199485091427271
0.0002282083333333333,-0.1090340434130766,-2.194399050200444
0.0002294583333333333,-0.1194196696663777,-2.185583245407277
0.0002307083333333333,-0.1298052959196788,-2.1750720935385
0.0002319583333333333,-0.1395208817695412,-2.162526525178992
0.0002332083333333333,-0.1495714878211229,-2.148285609743876
0.0002344583333333333,-0.1602921342761434,-2.133366555478516
0.0002357083333333333,-0.1696726999242863,-2.116752154137546
0.0002369583333333333,-0.1793882857741487,-2.098781475136089
0.0002382083333333333,-0.1894388918257304,-2.080132657304389
0.0002394583333333333,-0.1981494170704345,-2.061144770057567
0.0002407083333333333,-0.2078650029202969,-2.041139674565379
0.0002419583333333333,-0.2169105483667204,-2.019439231997583
0.0002432083333333333,-0.2256210736114246,-1.997738789429786
0.0002444583333333333,-0.2346666190578481,-1.976038346861989
0.0002457083333333333,-0.2437121645042717,-1.953320696048827
0.0002469583333333334,-0.2524226897489759,-1.929924906405421
0.0002482083333333334,-0.2604631745902413,-1.905850977931772
0.0002494583333333334,-0.2691736998349454,-1.881437980043
0.0002507083333333334,-0.2768791644744914,-1.856346843323985
0.0002519583333333334,-0.2845846291140374,-1.831594776020092
0.0002532083333333334,-0.2926251139553028,-1.805486431055712
0.0002544583333333334,-0.3006655987965681,-1.779039016676209
0.0002557083333333334,-0.3080360432343948,-1.752591602296707
0.0002569583333333334,-0.3147364472687826,-1.724787910256718
0.0002582083333333334,-0.3224419119083285,-1.696984218216728
0.0002594583333333333,-0.3291423159427164,-1.668841456761617
0.0002607083333333333,-0.3361777401788236,-1.640698695306505
0.0002619583333333333,-0.3432131644149308,-1.61187779502115
0.0002632083333333333,-0.3495785482475992,-1.581700617075308
0.0002644583333333333,-0.3556089118785482,-1.552201577959709
0.0002657083333333333,-0.3629793563163748,-1.52270253884411
0.0002669583333333333,-0.3686746997456045,-1.492186291483146
0.0002682083333333334,-0.3750400835782729,-1.461670044122182
0.0002694583333333334,-0.3807354270075025,-1.43149286617634
0.0002707083333333334,-0.3864307704367322,-1.39995941057001
0.0002719583333333334,-0.3921261138659618,-1.369443163209046
0.0002732083333333334,-0.3971514168917527,-1.337570638187594
0.0002744583333333334,-0.4028467603209823,-1.305698113166143
0.0002757083333333334,-0.4078720633467732,-1.274164657559813
0.0002769583333333334,-0.4139024269777222,-1.240935854877875
0.0002782083333333334,-0.4182576896000743,-1.208724260441301
0.0002794583333333334,-0.4232829926258652,-1.175834527174484
0.0002807083333333333,-0.428308295651656,-1.141927585662302
0.0002819583333333333,-0.4323285380722887,-1.109376921810607
0.0002832083333333333,-0.4366838006946408,-1.076826257958912
0.0002844583333333333,-0.4407040431152735,-1.042919316446729
0.0002857083333333333,-0.4447242855359061,-1.009351444349669
0.0002869583333333333,-0.4487445279565389,-0.9754445028374863
0.0002882083333333334,-0.4527647703771716,-0.941198491910182
0.0002894583333333334,-0.4567850127978043,-0.9072915503979996
0.0002907083333333334,-0.4601352148149981,-0.8733846088858171
0.0002919583333333334,-0.4634854168321921,-0.8384604591282693
0.0002932083333333334,-0.4661655784459472,-0.8042144482009651
0.0002944583333333334,-0.4698508006648605,-0.7699684372736608
0.0002957083333333334,-0.4735360228837738,-0.7357224263463567
0.0002969583333333334,-0.4755461440940901,-0.7011373460039305
0.0002982083333333334,-0.4785613259095646,-0.6665522656615045
0.0002994583333333334,-0.4812414875233197,-0.6316281159039566
0.0003007083333333333,-0.4832516087336361,-0.5970430355615305
0.0003019583333333333,-0.4859317703473912,-0.5621188858039826
0.0003032083333333333,-0.4872718511542688,-0.5275338054615566
0.0003044583333333333,-0.4896169925663045,-0.4926096557040087
0.0003057083333333333,-0.4912920935749015,-0.4573464365313389
0.0003069583333333333,-0.4929671945834984,-0.4220832173586692
0.0003082083333333333,-0.494307275390376,-0.387837206431365
0.0003094583333333334,-0.495982376398973,-0.3529130566738171
0.0003107083333333334,-0.4969874370041311,-0.3179889069162692
0.0003119583333333334,-0.4976574774075699,-0.2834038265738432
0.0003132083333333334,-0.4986625380127281,-0.2494968850616607
0.0003144583333333334,-0.4996675986178862,-0.2152508741343565
0.0003157083333333334,-0.500337639021325,-0.1799876549616868
0.0003169583333333334,-0.5000026188196056,-0.1460807134495044
0.0003182083333333334,-0.4996675986178862,-0.1128519107675656
0.0003194583333333334,-0.5006726592230444,-0.07792776101001775
0.0003207083333333334,-0.500337639021325,-0.04435988891295716
0.0003219583333333333,-0.500337639021325,-0.01079201681589658
0.0003232083333333333,-0.5000026188196056,0.02243678586604219
0.0003244583333333333,-0.4989975582144475,0.05600465796310278
0.0003257083333333333,-0.4979924976092893,0.08889439122991971
0.0003269583333333333,-0.4973224572058505,0.1217841244967367
0.0003282083333333333,-0.4963173966006924,0.1543347883484318
0.0003294583333333333,-0.4946422955920954,0.1865463827850051
0.0003307083333333334,-0.4936372349869372,0.2187579772215784
0.0003319583333333334,-0.4916271137766209,0.2506305022430299
0.0003332083333333334,-0.4899520127680239,0.2818248884342376
0.0003344583333333334,-0.4872718511542688,0.3126802052103236
0.0003357083333333334,-0.4855967501456718,0.3438745914015315
0.0003369583333333334,-0.4835866289353555,0.373712699932252
0.0003382083333333334,-0.4802364269181616,0.4042289472932162
0.0003394583333333334,-0.4775562653044065,0.4337279864088149
0.0003407083333333334,-0.4752111238923707,0.4635660949395354
0.0003419583333333333,-0.4715259016734574,0.4927260646400123
0.0003432083333333333,-0.4681756996562635,0.5215469649253672
0.0003444583333333333,-0.465160517840789,0.5496897263804786
0.0003457083333333333,-0.4614752956218757,0.5774934184204682
0.0003469583333333333,-0.4571200329995236,0.604958041045336
0.0003482083333333333,-0.4527647703771716,0.6320835942550819
0.0003494583333333333,-0.4484095077548195,0.6585310086345842
0.0003507083333333334,-0.4447242855359061,0.6849784230140865
0.0003519583333333334,-0.4396989825101153,0.7104086291482233
0.0003532083333333334,-0.4350086996860438,0.7365169741126038
0.0003544583333333334,-0.4313234774671306,0.7612690414164969
0.0003557083333333334,-0.4259631542396203,0.7850039004750246
0.0003569583333333334,-0.4209378512138294,0.8090778289486741
0.0003582083333333334,-0.416247568389758,0.8331517574223236
0.0003594583333333334,-0.4112222653639671,0.8565475470657294
0.0003607083333333334,-0.4055269219347374,0.8792651978788917
0.0003619583333333334,-0.4001665987072272,0.9013047098618103
0.0003632083333333333,-0.3944712552779975,0.9233442218447289
0.0003644583333333333,-0.3891109320504873,0.9447055949974038
0.0003657083333333333,-0.3827455482178189,0.9660669681500786
0.0003669583333333333,-0.3773852249903086,0.9864111330573881
0.0003682083333333333,-0.371689881561079,1.007094367379819
0.0003694583333333333,-0.3653244977284106,1.026082254626641
0.0003707083333333333,-0.3602991947026197,1.045409211288586
0.0003719583333333334,-0.3546038512733901,1.064397098535408
0.0003732083333333334,-0.3472334068355635,1.082028708121743
0.0003744583333333334,-0.340868023002895,1.100338456538321
0.0003757083333333334,-0.3341676189685072,1.117630996709534
0.0003769583333333334,-0.3281372553375582,1.134245398050503
0.0003782083333333334,-0.3224419119083285,1.149842591146107
0.0003794583333333334,-0.3157415078739407,1.165778853656833
0.0003807083333333334,-0.3087060836378335,1.182054185582681
0.0003819583333333334,-0.3020056796034457,1.196973239848041
0.0003832083333333333,-0.2959753159724967,1.211553224698279
0.0003844583333333333,-0.2889398917363895,1.226133209548518
0.0003857083333333333,-0.2822394877020016,1.239695986153391
0.0003869583333333333,-0.2752040634658944,1.252919693343142
0.0003882083333333333,-0.2681686392297872,1.266143400532893
0.0003894583333333333,-0.2618032553971188,1.278349899477279
0.0003907083333333333,-0.2540977907575728,1.290556398421664
0.0003919583333333334,-0.2480674271266238,1.301745689120685
0.0003932083333333334,-0.2410320028905166,1.312595910404583
0.0003944583333333334,-0.2333265382509706,1.323446131688481
0.0003957083333333334,-0.2266261342165828,1.333957283557258
0.0003969583333333334,-0.2195907099804756,1.343790296595791
0.0003982083333333334,-0.2128903059460877,1.353962379049445
0.0003994583333333334,-0.2061899019116999,1.361760975597248
0.0004007083333333334,-0.1984844372721539,1.370576780390415
0.0004019583333333334,-0.1917840332377661,1.379731654598704
0.0004032083333333334,-0.1840785685982201,1.387530251146506
0.0004044583333333333,-0.1770431443621129,1.394989778279186
0.0004057083333333333,-0.1700077201260057,1.402449305411866
0.0004069583333333333,-0.1629722958898985,1.409908832544547
0.0004082083333333333,-0.1556018514520719,1.417029290262105
0.0004094583333333333,-0.1492364676194035,1.423810678564541
0.0004107083333333333,-0.1415310029798575,1.430252997451856
0.0004119583333333333,-0.1341605585420309,1.43669531633917
0.0004132083333333334,-0.1271251343059237,1.442459496396242
0.0004144583333333334,-0.1204247302715359,1.448901815283556
0.0004157083333333334,-0.1127192656319899,1.456022273001115
0.0004169583333333334,-0.1053488211941633,1.463142730718673
0.0004182083333333334,-0.09764335655461734,1.470941327266475
0.0004194583333333334,-0.09027291211679073,1.479078993229399
0.0004207083333333334,-0.08290246767896414,1.488233867437688
0.0004219583333333334,-0.07553202324113753,1.49976222755183
0.0004232083333333334,-0.06849659900503033,1.515020351232312
0.0004244583333333333,-0.06079113436548434,1.534686377309378
0.0004257083333333333,-0.05107554851562201,1.56113379168888
0.0004269583333333333,-0.04370510407779541,1.594362594370819
0.0004282083333333333,-0.03566461923653003,1.639797895997143
0.0004294583333333333,-0.02695409399182588,1.68557226703859
0.0004307083333333333,-0.01790854854540232,1.738128026382472
0.0004319583333333333,-0.008527982897259383,1.787632160990259
0.0004332083333333334,0.0005175625491641671,1.843239545070238
0.0004344583333333334,0.01090318880246528,1.891048332602415
0.0004357083333333334,0.01894367364373066,1.952758966154587
0.0004369583333333334,0.03066938070390934,2.012435183216028
0.0004382083333333334,0.04004994635205228,2.052784443615525
0.0004394583333333334,0.04876047159675644,2.115512285413062
0.0004407083333333334,0.06048617865693511,2.155183406982316
0.0004419583333333334,0.07020176450679744,2.180613613116453
0.0004432083333333334,0.07991735035665978,2.195193597966691
0.0004444583333333334,0.0896329362065221,2.199262430948153
0.0004457083333333333,0.1000185624598232,2.197228014457422
0.0004469583333333333,0.1104041887131243,2.191124764985229
0.0004482083333333333,0.1211248351681448,2.18196989077694
0.0004494583333333333,0.1311754412197266,2.171119669493041
0.0004507083333333333,0.1418960876747471,2.158574101133534
0.0004519583333333333,0.1516116735246094,2.143994116283296
0.0004532083333333333,0.1619972997779105,2.128396923187692
0.0004544583333333334,0.1717128856277728,2.111104383016479
0.0004557083333333334,0.182098511881074,2.093472773430144
0.0004569583333333334,0.1914790775292169,2.075163025013565
0.0004582083333333334,0.2008596431773599,2.055157929521378
0.0004594583333333334,0.2105752290272222,2.034474695198946
0.0004607083333333334,0.2202908148770845,2.013113322046272
0.0004619583333333334,0.2286663199200693,1.991412879478475
0.0004632083333333334,0.2377118653664928,1.968695228665313
0.0004644583333333334,0.2467574108129164,1.945299439021907
0.0004657083333333334,0.2554679360576205,1.921564579963379
0.0004669583333333333,0.2641784613023247,1.897151582074608
0.0004682083333333333,0.2728889865470288,1.872060445355593
0.0004694583333333333,0.2812644915900136,1.846291169806334
0.0004707083333333333,0.289304976431279,1.820860963672197
0.0004719583333333333,0.2976804814742637,1.794413549292695
0.0004732083333333333,0.3047159057103709,1.767287996082949
0.0004744583333333334,0.3130914107533557,1.739145234627838
0.0004757083333333334,0.3211318955946211,1.71168061200297
0.0004769583333333334,0.3281673198307283,1.683198781132737
0.0004782083333333334,0.3355377642685549,1.654716950262503
0.0004794583333333334,0.3429082087063815,1.625556980562027
0.0004807083333333334,0.3499436329424887,1.595379802616184
0.0004819583333333334,0.3573140773803153,1.565541694085464
0.0004832083333333334,0.3640144814147031,1.535025446724499
0.0004844583333333334,0.3707148854490909,1.504848268778657
0.0004857083333333334,0.3770802692817594,1.473653882587449
0.0004869583333333333,0.3834456531144278,1.44212042698112
0.0004882083333333333,0.3894760167453768,1.41058697137479
0.0004894583333333334,0.3958414005780452,1.378714446353339
0.0004907083333333333,0.4018717642089943,1.346502851916765
0.0004919583333333334,0.4072320874365045,1.31395218806507
0.0004932083333333333,0.4129274308657342,1.28038431596801
0.0004944583333333334,0.4182877540932444,1.247833652116314
0.0004957083333333334,0.4233130571190353,1.214943918849497
0.0004969583333333333,0.4296784409517037,1.181376046752437
0.0004982083333333334,0.4347037439774946,1.147469105240255
0.0004994583333333333,0.4397290470032854,1.11322309431295
0.0005007083333333334,0.4447543500290763,1.079316152800768
0.0005019583333333333,0.448774592449709,1.044731072458342
0.0005032083333333334,0.4534648752737804,1.010145992115916
0.0005044583333333333,0.4578201378961325,0.9748827729432461
0.0005057083333333334,0.4618403803167652,0.9409758314310637
0.0005069583333333333,0.4658606227373979,0.9057126122583939
0.0005082083333333334,0.4695458449563112,0.8704493930857243
0.0005094583333333333,0.4739011075786633,0.8351861739130546
0.0005107083333333334,0.4769162893941378,0.7999229547403849
0.0005119583333333333,0.4806015116130511,0.7643206661525933
0.0005132083333333334,0.483951713630245,0.7290574469799236
0.0005144583333333333,0.4873019156474389,0.6931160889770103
0.0005157083333333334,0.4903170974629134,0.657174730974097
0.0005169583333333334,0.4923272186732298,0.622250581216549
0.0005182083333333333,0.4953424004887043,0.5859701537985138
0.0005194583333333334,0.4973525216990207,0.5503678652107223
0.0005207083333333333,0.5000326833127757,0.5144265072078089
0.0005219583333333334,0.5017077843213728,0.4795023574502611
0.0005232083333333333,0.5027128449265309,0.4432219300322259
0.0005244583333333334,0.5053930065402861,0.4072805720293126
0.0005257083333333333,0.507068107548883,0.371678283441521
0.0005269583333333334,0.5087432085574799,0.3360759948537295
0.0005282083333333333,0.509748269162638,0.3008127756810598
0.0005294583333333334,0.5110883499695157,0.2648714176781464
0.0005307083333333333,0.5117583903729545,0.2296081985054767
0.0005319583333333334,0.5127634509781126,0.1940059099176852
0.0005332083333333333,0.513098471179832,0.1587426907450155
0.0005344583333333334,0.5134334913815514,0.1238185409874676
0.0005357083333333333,0.5141035317849901,0.08957253006016337
0.0005369583333333334,0.5137685115832707,0.05430931088749365
0.0005382083333333334,0.5134334913815514,0.01972423054506759
0.0005394583333333333,0.5134334913815514,-0.01452178038223664
0.0005407083333333334,0.5124284307763932,-0.04876779130954088
0.0005419583333333333,0.5124284307763932,-0.08301380223684511
0.0005432083333333334,0.5110883499695157,-0.1165816743339057
0.0005444583333333333,0.509748269162638,-0.1501495464309663
0.0005457083333333334,0.5084081883557605,-0.1833783491129051
0.0005469583333333333,0.5067330873471636,-0.2166071517948438
0.0005482083333333334,0.5050579863385666,-0.2488187462314171
0.0005494583333333333,0.5033828853299697,-0.2810303406679904
0.0005507083333333334,0.5013727641196534,-0.3132419351045637
0.0005519583333333333,0.4983575823041788,-0.3437581824655279
0.0005532083333333334,0.4966824812955818,-0.3756307074869793
0.0005544583333333333,0.4936672994801073,-0.4071641630933089
0.0005557083333333334,0.4906521176646328,-0.4370022716240295
0.0005569583333333334,0.4873019156474389,-0.4671794495698718
0.0005582083333333334,0.483951713630245,-0.4970175581005923
0.0005594583333333334,0.4812715520164899,-0.5261775278010693
0.0005607083333333333,0.4765812691924184,-0.5549984280864243
0.0005619583333333334,0.4728960469735051,-0.5838193283717794
0.0005632083333333333,0.4692108247545918,-0.611623020411769
0.0005644583333333334,0.4648555621322397,-0.6390876430366367
0.0005657083333333333,0.4608353197116071,-0.6665522656615045
0.0005669583333333334,0.456480057089255,-0.6933387494561286
0.0005682083333333333,0.4514547540634641,-0.7204643026658745
0.0005694583333333334,0.4460944308359538,-0.7455554393848896
0.0005707083333333333,0.441069127810163,-0.7703075066887827
0.0005719583333333334,0.4360438247843721,-0.7957377128229195
0.0005732083333333333,0.4306835015568619,-0.8211679189570563
0.0005744583333333334,0.425658198531071,-0.8442246391853403
0.0005757083333333333,0.419627834900122,-0.867959498243868
0.0005769583333333334,0.4146025318743311,-0.8910162184721521
0.0005782083333333334,0.4085721682433821,-0.9137338692853143
0.0005794583333333333,0.4028768248141524,-0.9357733812682328
0.0005807083333333334,0.3971814813849228,-0.9571347544209078
0.0005819583333333333,0.390481077350535,-0.9788351969887045
0.0005832083333333334,0.3851207541230247,-0.9995184313111357
0.0005844583333333333,0.3784203500886369,-1.019184457388202
0.0005857083333333334,0.3723899864576879,-1.039189552880389
0.0005869583333333333,0.3663596228267388,-1.058177440127211
0.0005882083333333334,0.359659218792351,-1.077504396789155
0.0005894583333333333,0.3529588147579632,-1.096492284035977
0.0005907083333333334,0.345923390521856,-1.113106685376947
0.0005919583333333333,0.3395580066891876,-1.131077364378404
0.0005932083333333334,0.3325225824530804,-1.148030835134495
0.0005944583333333333,0.326157198620412,-1.163967097645221
0.0005957083333333334,0.3194567945860242,-1.179903360155946
0.0005969583333333333,0.3127563905516363,-1.19550055325155
0.0005982083333333334,0.3057209663155291,-1.210080538101789
0.0005994583333333334,0.2983505218777026,-1.224660522952027
0.0006007083333333333,0.2916501178433147,-1.238901438387144
0.0006019583333333334,0.2846146936072075,-1.252464214992017
0.0006032083333333333,0.2775792693711003,-1.265348852766646
0.0006044583333333334,0.2702088249332737,-1.278572559956397
0.0006057083333333333,0.2628383804954471,-1.290779058900783
0.0006069583333333334,0.2551329158559011,-1.302307419014925
0.0006082083333333333,0.2484325118215133,-1.313157640298823
0.0006094583333333334,0.2410620673836867,-1.324346930997843
0.0006107083333333333,0.2340266431475795,-1.334519013451498
0.0006119583333333334,0.2269912189114723,-1.344691095905153
0.0006132083333333333,0.2192857542719263,-1.354185039528564
0.0006144583333333334,0.2119153098340997,-1.363678983151975
0.0006157083333333333,0.2048798855979925,-1.371816649114899
0.0006169583333333334,0.1971744209584466,-1.380971523323188
0.0006182083333333333,0.1901389967223393,-1.389109189286112
0.0006194583333333334,0.1824335320827934,-1.396568716418792
0.0006207083333333334,0.1753981078466862,-1.404028243551472
0.0006219583333333333,0.1683626836105789,-1.410809631853909
0.0006232083333333334,0.1599871785675942,-1.41860822840171
0.0006244583333333333,0.1526167341297676,-1.425728686119269
0.0006257083333333334,0.1449112694902216,-1.43149286617634
0.0006269583333333333,0.1378758452541144,-1.437596115648533
0.0006282083333333334,0.1301703806145684,-1.444377503950969
0.0006294583333333333,0.1227999361767418,-1.449802614592918
0.0006307083333333334,0.1157645119406346,-1.456584002895355
0.0006319583333333333,0.108394067502808,-1.463365391197791
0.0006332083333333334,0.100688602863262,-1.470824918330471
0.0006344583333333333,0.09264811802199663,-1.478962584293395
0.0006357083333333334,0.08494265338245063,-1.488456527916806
0.0006369583333333333,0.07723718874290464,-1.499984888030948
0.0006382083333333334,0.06886168369991988,-1.514903942296308
0.0006394583333333333,0.06048617865693511,-1.534230898958252
0.0006407083333333334,0.05278071401738912,-1.560678313337755
0.0006419583333333334,0.04407018877268497,-1.595941532510424
0.0006432083333333333,0.03502464332626141,-1.640698695306505
0.0006444583333333334,0.02597909787983787,-1.689524691084048
0.0006457083333333333,0.01726857263513371,-1.741063242182565
0.0006469583333333334,0.008558047390429546,-1.794636209771813
0.0006482083333333333,-0.001492558661152177,-1.848887316191305
0.0006494583333333334,-0.01087312430929512,-1.904155630856162
0.0006507083333333333,-0.02125875056259623,-1.960441153766385
0.0006519583333333334,-0.03130935661417796,-2.01706574609173
0.0006532083333333333,-0.04169498286747907,-2.073012199586831
0.0006544583333333334,-0.05208060912078018,-2.124550750685348
0.0006557083333333333,-0.06179619497064252,-2.16388280283948
0.0006569583333333334,-0.07184680102222424,-2.186600453652642
0.0006582083333333333,-0.08223242727552535,-2.198806952597028
0.0006594583333333334,-0.09228303332710708,-2.200841369087759
0.0006607083333333334,-0.1030036797821276,-2.197789744351662
0.0006619583333333334,-0.1133893060354287,-2.190669286634104
0.0006632083333333334,-0.1234399120870104,-2.181514412425815
0.0006644583333333333,-0.1344955787437503,-2.169646982896551
0.0006657083333333334,-0.1438761443918933,-2.156762345121921
0.0006669583333333333,-0.1542617706451944,-2.141843290856561
0.0006682083333333334,-0.1636423362933373,-2.125907028345836
0.0006694583333333333,-0.1743629827483578,-2.108275418759501
0.0006707083333333334,-0.1837435483965008,-2.090982878588288
0.0006719583333333333,-0.1927890938429243,-2.071994991341465
0.0006732083333333334,-0.202839699894506,-2.051311757019034
0.0006744583333333333,-0.2122202655426489,-2.031306661526846
0.0006757083333333334,-0.2209307907873531,-2.009945288374172
0.0006769583333333333,-0.2296413160320573,-1.988922984636619
0.0006782083333333334,-0.2386868614784808,-1.965866264408334
0.0006794583333333333,-0.247397386723185,-1.943148613595172
0.0006807083333333334,-0.2557728917661698,-1.919074685121523
0.0006819583333333334,-0.2641483968091545,-1.895000756647873
0.0006832083333333333,-0.2721888816504199,-1.87024868934398
0.0006844583333333334,-0.2805643866934047,-1.844818483209843
0.0006857083333333333,-0.2882698513329507,-1.819388277075707
0.0006869583333333334,-0.2966453563759355,-1.792262723865961
0.0006882083333333333,-0.3043508210154814,-1.766493448316702
0.0006894583333333334,-0.3107162048481499,-1.739028825691834
0.0006907083333333333,-0.3180866492859765,-1.711564203066966
0.0006919583333333334,-0.3257921139255224,-1.683760511026977
0.0006932083333333333,-0.3324925179599102,-1.655617749571865
0.0006944583333333334,-0.3391929219942981,-1.627135918701632
0.0006957083333333333,-0.3458933260286859,-1.598315018416277
0.0006969583333333334,-0.3522587098613543,-1.5691550487158
0.0006982083333333333,-0.3589591138957421,-1.538977870769958
0.0006994583333333334,-0.3649894775266912,-1.509478831654359
0.0007007083333333333,-0.371689881561079,-1.478962584293395
0.0007019583333333334,-0.3780552653937474,-1.448107267517309
0.0007032083333333334,-0.3834155886212577,-1.416912881326101
0.0007044583333333333,-0.3891109320504873,-1.386396633965137
0.0007057083333333334,-0.3944712552779975,-1.354863178358807
0.0007069583333333333,-0.3994965583037884,-1.322312514507112
0.0007082083333333334,-0.4048568815312987,-1.290779058900783
0.0007094583333333333,-0.4112222653639671,-1.257889325633966
0.0007107083333333334,-0.4149074875828804,-1.226355870027636
0.0007119583333333333,-0.4195977704069518,-1.194483345006185
0.0007132083333333334,-0.4256281340379009,-1.160915472909124
0.0007144583333333333,-0.429983396660253,-1.127686670227185
0.0007157083333333334,-0.4343386592826051,-1.094796936960368
0.0007169583333333333,-0.4390289421066765,-1.060889995448186
0.0007182083333333334,-0.4430491845273092,-1.027661192766247
0.0007194583333333333,-0.4467344067462225,-0.9940933206691865
0.0007207083333333334,-0.4504196289651358,-0.9601863791570042
0.0007219583333333333,-0.4544398713857685,-0.9259403682296999
0.0007232083333333334,-0.4581250936046818,-0.8916943573023957
0.0007244583333333334,-0.4614752956218757,-0.8577874157902133
0.0007257083333333333,-0.4648254976390696,-0.8235414048629091
0.0007269583333333334,-0.4681756996562635,-0.7892953939356048
0.0007282083333333333,-0.4708558612700187,-0.7543712441780569
0.0007294583333333334,-0.4742060632872125,-0.7197861638356309
0.0007307083333333333,-0.4768862249009677,-0.6841838752478393
0.0007319583333333334,-0.478896346111284,-0.6499378643205351
0.0007332083333333333,-0.4815765077250391,-0.615352783978109
0.0007344583333333334,-0.4839216491370749,-0.5804286342205611
0.0007357083333333333,-0.4862667905491107,-0.546182623293257
0.0007369583333333334,-0.4882769117594269,-0.5115975429508308
0.0007382083333333333,-0.4906220531714627,-0.4766733931932829
0.0007394583333333334,-0.4919621339783403,-0.441749243435735
0.0007407083333333333,-0.4933022147852179,-0.4071641630933089
0.0007419583333333334,-0.494307275390376,-0.3722400133357611
0.0007432083333333334,-0.4956473561972536,-0.3373158635782132
0.0007444583333333334,-0.4979924976092893,-0.3027307832357871
0.0007457083333333334,-0.4983275178110087,-0.2681457028933611
0.0007469583333333333,-0.4993325784161669,-0.2338996919660569
0.0007482083333333334,-0.5000026188196056,-0.1986364727933871
0.0007494583333333333,-0.5000026188196056,-0.1647295312812047
0.0007507083333333334,-0.5006726592230444,-0.1308225897690223
0.0007519583333333333,-0.500337639021325,-0.09623750942659626
0.0007532083333333334,-0.500337639021325,-0.06233056791441384
0.0007544583333333333,-0.500337639021325,-0.0294408346475969
0.0007557083333333334,-0.4996675986178862,0.004127037449463686
0.0007569583333333333,-0.4993325784161669,0.03769490954652428
0.0007582083333333334,-0.4993325784161669,0.07092371222846304
0.0007594583333333333,-0.4983275178110087,0.10381344549528
0.0007607083333333334,-0.4969874370041311,0.1360250399318533
0.0007619583333333333,-0.4956473561972536,0.1685757037835484
0.0007632083333333334,-0.4949773157938148,0.2014654370503653
0.0007644583333333334,-0.4936372349869372,0.2333379620718168
0.0007657083333333333,-0.4912920935749015,0.2645323482630246
0.0007669583333333334,-0.4892819723645851,0.2960658038693543
0.0007682083333333333,-0.4869368309525494,0.3275992594756839
0.0007694583333333334,-0.4845916895405137,0.3581155068366481
0.0007707083333333333,-0.4815765077250391,0.3882926847824905
0.0007719583333333334,-0.4792313663130034,0.4177917238980891
0.0007732083333333333,-0.4765512046992483,0.4476298324288097
0.0007744583333333334,-0.4735360228837738,0.4767898021292865
0.0007757083333333333,-0.4701858208665799,0.5052716329995197
0.0007769583333333334,-0.4661655784459472,0.5340925332848747
0.0007782083333333333,-0.4631503966304726,0.5622352947399861
0.0007794583333333334,-0.45913015420984,0.5896999173648539
0.0007807083333333333,-0.4551099117892073,0.6175036094048435
0.0007819583333333334,-0.451424689570294,0.6439510237843458
0.0007832083333333333,-0.4474044471496613,0.6707375075789699
0.0007844583333333334,-0.4423791441238704,0.6961677137131067
0.0007857083333333334,-0.4380238815015183,0.7219369892623653
0.0007869583333333333,-0.4340036390808857,0.7477062648116239
0.0007882083333333334,-0.4286433158533754,0.7724583321155171
0.0007894583333333333,-0.4236180128275845,0.7965322605891666
0.0007907083333333334,-0.4189277300035131,0.820945258477938
0.0007919583333333333,-0.4139024269777222,0.8436629092911002
0.0007932083333333334,-0.4082070835484926,0.8667196295193842
0.0007944583333333333,-0.4031817805227017,0.8894372803325464
0.0007957083333333334,-0.3978214572951915,0.9121549311457087
0.0007969583333333333,-0.3924611340676812,0.9335163042983836
0.0007982083333333334,-0.3864307704367322,0.9545386080359367
0.0007994583333333333,-0.3807354270075025,0.9748827729432461
0.0008007083333333334,-0.3747050633765535,0.9952269378505556
0.0008019583333333333,-0.3686746997456045,1.015910172172987
0.0008032083333333334,-0.3633143765180942,1.035237128834931
0.0008044583333333333,-0.3572840128871452,1.054225016081753
0.0008057083333333334,-0.3505836088527574,1.07219569508321
0.0008069583333333334,-0.3448882654235277,1.090505443499788
0.0008082083333333333,-0.3385228815908593,1.107797983671001
0.0008094583333333334,-0.3318224775564715,1.12441238501197
0.0008107083333333333,-0.325457093723803,1.141704925183184
0.0008119583333333334,-0.319426730092854,1.157641187693909
0.0008132083333333333,-0.3127263260584662,1.174255589034879
0.0008144583333333334,-0.305690901822359,1.188835573885117
0.0008157083333333333,-0.29966053819141,1.204093697565599
0.0008169583333333334,-0.2922900937535834,1.218334613000716
0.0008182083333333333,-0.285924709920915,1.232236459020711
0.0008194583333333334,-0.2785542654830884,1.245799235625584
0.0008207083333333333,-0.2718538614487006,1.258683873400213
0.0008219583333333334,-0.2658234978177515,1.271907580589964
0.0008232083333333333,-0.2581180331782055,1.283435940704106
0.0008244583333333334,-0.2514176291438177,1.295642439648492
0.0008257083333333334,-0.2450522453111492,1.307170799762634
0.0008269583333333334,-0.2373467806716033,1.317342882216288
0.0008282083333333334,-0.2303113564354961,1.327514964669943
0.0008294583333333333,-0.2232759321993888,1.338704255368963
0.0008307083333333334,-0.2162405079632816,1.348537268407496
0.0008319583333333333,-0.2095401039288938,1.357692142615786
0.0008332083333333334,-0.2025046796927866,1.366847016824075
0.0008344583333333333,-0.1944641948515212,1.37532375220212
0.0008357083333333334,-0.187428770615414,1.383800487580166
0.0008369583333333333,-0.1803933463793068,1.391599084127968
0.0008382083333333334,-0.1740279625466384,1.39939768067577
0.0008394583333333333,-0.1666575181088118,1.406518138393328
0.0008407083333333334,-0.1596220938727046,1.412960457280643
0.0008419583333333333,-0.1525866696365974,1.419741845583079
0.0008432083333333334,-0.1455512454004902,1.426523233885516
0.0008444583333333333,-0.1378457807609442,1.43296555277283
0.0008457083333333334,-0.130810356524837,1.439068802245023
0.0008469583333333334,-0.1241099524904492,1.44585019054746
0.0008482083333333333,-0.1167395080526226,1.451953440019653
0.0008494583333333334,-0.1090340434130766,1.459073897737211
0.0008507083333333333,-0.10166359897525,1.466194355454769
0.0008519583333333334,-0.09462817473914281,1.473992952002571
0.0008532083333333333,-0.08759275050303561,1.482808756795739
0.0008544583333333334,-0.07988728586348962,1.492641769834272
0.0008557083333333333,-0.07251684142566303,1.506882685269388
0.0008569583333333334,-0.06481137678611704,1.522818947780114
0.0008582083333333333,-0.05643587174313226,1.545875668008398
0.0008594583333333334,-0.0477253464984281,1.575713776539118
0.0008607083333333333,-0.03968486165716272,1.614706759278128
0.0008619583333333334,-0.03063931621073917,1.660481130319575
0.0008632083333333333,-0.02226381116775441,1.70795084843663
0.0008644583333333334,-0.01355328592305025,1.761862885441
0.0008657083333333333,-0.005512801081784867,1.807637256482446
0.0008669583333333334,0.004537804969796856,1.871382306525349
0.0008682083333333334,0.01592849182825614,1.918512955227283
0.0008694583333333333,0.02229387566092457,1.974120339307262
0.0008707083333333334,0.03435460292282264,2.035830972859434
0.0008719583333333333,0.04507524937784314,2.081944413316002
0.0008732083333333334,0.0537857746225473,2.134839242075007
0.0008744583333333333,0.06383638067412903,2.169763391832555
0.0008757083333333334,0.07422200692743014,2.188751279079376
0.0008769583333333333,0.08460763318073125,2.197567083872544
0.0008782083333333334,0.09432321903059357,2.199262430948153
0.0008794583333333333,0.1053788856873335,2.195193597966691
0.0008807083333333334,0.1157645119406346,2.187395001418889
0.0008819583333333333,0.1258151179922163,2.177561988380356
0.0008832083333333334,0.1362007442455174,2.165355489435971
0.0008844583333333333,0.1465863704988185,2.151453643415976
0.0008857083333333334,0.1566369765504003,2.136873658565738
0.0008869583333333333,0.166687582601982,2.120937396055012
0.0008882083333333334,0.1760681482501249,2.103305786468677
0.0008894583333333334,0.1857837340999873,2.084996038052098
0.0008907083333333333,0.195834340151569,2.065330011975032
0.0008919583333333334,0.2055499260014313,2.045324916482845
0.0008932083333333333,0.2149304916495743,2.024641682160413
0.0008944583333333334,0.2243110572977172,2.002941239592617
0.0008957083333333333,0.2330215825424214,1.98124079702482
0.0008969583333333334,0.2427371683922837,1.957845007381414
0.0008982083333333333,0.2507776532335491,1.935127356568252
0.0008994583333333334,0.2594881784782532,1.910714358679481
0.0009007083333333333,0.267863683521238,1.885962291375588
0.0009019583333333334,0.2769092289676615,1.861210224071694
0.0009032083333333333,0.2849497138089269,1.834762809692192
0.0009044583333333334,0.2929901986501923,1.808993534142934
0.0009057083333333333,0.3006956632897383,1.781189842102944
0.0009069583333333334,0.3087361481310036,1.754064288893198
0.0009082083333333334,0.3171116531739884,1.726260596853208
0.0009094583333333334,0.3234770370066569,1.698456904813219
0.0009107083333333334,0.3318525420496416,1.669636004527864
0.0009119583333333333,0.3388879662857488,1.64115417365763
0.0009132083333333334,0.345923390521856,1.611655134542032
0.0009144583333333333,0.353628855161402,1.582156095426433
0.0009157083333333334,0.3599942389940704,1.551978917480591
0.0009169583333333333,0.3666946430284582,1.521462670119627
0.0009182083333333334,0.373395047062846,1.490607353343541
0.0009194583333333333,0.3797604308955145,1.459412967152333
0.0009207083333333334,0.3861258147281829,1.427879511546003
0.0009219583333333333,0.392156178359132,1.39566791710943
0.0009232083333333334,0.3985215621918003,1.363795392087978
0.0009244583333333333,0.4045519258227494,1.331583797651405
0.0009257083333333334,0.410247269251979,1.29903313379971
0.0009269583333333333,0.4159426126812087,1.266143400532893
0.0009282083333333334,0.4209679157069995,1.232575528435832
0.0009294583333333334,0.4266632591362292,1.199685795169015
0.0009307083333333334,0.4313535419603007,1.165778853656833
0.0009319583333333334,0.4370488853895303,1.131532842729529
0.0009332083333333333,0.4417391682136018,1.097625901217346
0.0009344583333333334,0.4464294510376732,1.063718959705164
0.0009357083333333333,0.4514547540634641,1.029133879362738
0.0009369583333333334,0.4554749964840968,0.9945487990203119
0.0009382083333333333,0.4594952389047295,0.9599637186778859
0.0009394583333333334,0.4638505015270816,0.9253786383354597
0.0009407083333333333,0.4675357237459948,0.8897763497476683
0.0009419583333333334,0.4715559661666275,0.8548521999901204
0.0009432083333333333,0.4755762085872602,0.8192499114023288
0.0009444583333333334,0.477921349999296,0.784325761644781
0.0009457083333333333,0.4819415924199287,0.7480453342267458
0.0009469583333333334,0.4856268146388419,0.7124430456389542
0.0009482083333333333,0.4879719560508777,0.6771798264662845
0.0009494583333333334,0.4909871378663522,0.6412384684633712
0.0009507083333333334,0.4940023196818267,0.6052971104604579
0.0009519583333333333,0.4963474610938625,0.5700338912877881
0.0009532083333333334,0.4990276227076176,0.5344316026999966
0.0009544583333333333,0.5007027237162145,0.4984902446970833
0.0009557083333333334,0.5027128449265309,0.4625488866941699
0.0009569583333333333,0.5047229661368472,0.4269465981063784
0.0009582083333333334,0.5063980671454442,0.3913443095185868
0.0009594583333333333,0.5080731681540411,0.3554029515156735
0.0009607083333333334,0.5094132489609187,0.3201397323430038
0.0009619583333333333,0.5104183095660769,0.2838593049249686
0.0009632083333333334,0.5120934105746738,0.2492742245825425
0.0009644583333333333,0.5124284307763932,0.213671935994751
0.0009657083333333334,0.5127634509781126,0.1784087168220813
0.0009669583333333333,0.5134334913815514,0.1431454976494116
0.0009682083333333334,0.5141035317849901,0.1082213478918637
0.0009694583333333333,0.5134334913815514,0.07363626754943763
0.0009707083333333334,0.5137685115832707,0.03837304837676792
0.0009719583333333334,0.513098471179832,0.00446610686458551
0.0009732083333333333,0.5124284307763932,-0.03011897347784055
0.0009744583333333334,0.5117583903729545,-0.06402591499002297
0.0009757083333333333,0.5114233701712351,-0.0982719259173272
0.0009769583333333334,0.5110883499695157,-0.1318397980143878
0.0009782083333333333,0.5090782287591993,-0.1650686006963266
0.0009794583333333333,0.5080731681540411,-0.1972801951328998
0.0009807083333333332,0.5063980671454442,-0.2308480672299604
0.0009819583333333332,0.5040529257334084,-0.2630596616665337
0.0009832083333333333,0.5020428045230921,-0.2949321866879852
0.0009844583333333333,0.5000326833127757,-0.3281609893699239
0.0009857083333333332,0.4983575823041788,-0.3593553755611318
0.0009869583333333332,0.4946723600852655,-0.3898716229220959
0.0009882083333333333,0.4923272186732298,-0.4203878702830601
0.0009894583333333333,0.4893120368577553,-0.4512431870591461
0.0009907083333333332,0.4859618348405614,-0.4817594344201103
0.0009919583333333332,0.4822766126216481,-0.5105803347054654
0.0009932083333333331,0.4789264106044541,-0.5397403044059422
0.0009944583333333333,0.4755762085872602,-0.5685612046912973
0.0009957083333333333,0.4715559661666275,-0.5963648967312869
0.0009969583333333332,0.4672007035442755,-0.6241685887712765
0.0009982083333333332,0.4631804611236428,-0.6516332113961442
0.0009994583333333333,0.4581551580978519,-0.679097834021012
0.001000708333333333,0.4537998954754998,-0.7052061789853924
0.001001958333333333,0.448774592449709,-0.7323317321951384
0.001003208333333333,0.4437492894239181,-0.7577619383292752
0.001004458333333333,0.439394026801566,-0.7821749362180465
0.001005708333333333,0.433363663170617,-0.8069270035219397
0.001006958333333333,0.4283383601448261,-0.831340001410711
0.001008208333333333,0.4226430167155965,-0.8554139298843605
0.001009458333333333,0.417952733891525,-0.8781315806975227
0.001010708333333333,0.411922370260576,-0.9018664397560504
0.001011958333333333,0.405892006629627,-0.9242450211540908
0.001013208333333333,0.4001966632003973,-0.9459454637218876
0.001014458333333333,0.3941662995694483,-0.9673068368745624
0.001015708333333333,0.3881359359384993,-0.9883291406121155
0.001016958333333333,0.3817705521058308,-1.009012374934547
0.001018208333333333,0.3757401884748818,-1.029017470426735
0.001019458333333333,0.3693748046422134,-1.048005357673557
0.001020708333333333,0.3626744006078256,-1.066654175505257
0.001021958333333333,0.3563090167751571,-1.085981132167201
0.001023208333333333,0.3496086127407693,-1.103612741753536
0.001024458333333333,0.3429082087063815,-1.121583420754992
0.001025708333333333,0.3365428248737131,-1.138536891511084
0.001026958333333333,0.3298424208393252,-1.154812223436931
0.001028208333333333,0.3224719764014987,-1.171426624777901
0.001029458333333333,0.3154365521653915,-1.187023817873504
0.001030708333333333,0.3094061885344424,-1.201942872138865
0.001031958333333333,0.3020357440966158,-1.217200995819347
0.001033208333333333,0.2950003198605086,-1.231441911254463
0.001034458333333333,0.2879648956244014,-1.245343757274458
0.001035708333333333,0.2809294713882942,-1.258567464464209
0.001036958333333333,0.2735590269504676,-1.271452102238839
0.001038208333333333,0.266188582512641,-1.283319531768103
0.001039458333333333,0.2594881784782532,-1.296204169542732
0.001040708333333333,0.2521177340404266,-1.307732529656874
0.001041958333333333,0.2450823098043194,-1.318582750940772
0.001043208333333333,0.2373768451647734,-1.329432972224671
0.001044458333333333,0.2306764411303856,-1.339605054678325
0.001045708333333333,0.2229709764908396,-1.349438067716858
0.001046958333333333,0.2152655118512936,-1.358592941925147
0.001048208333333333,0.2082300876151864,-1.367408746718315
0.001049458333333333,0.2011946633790792,-1.376563620926604
0.001050708333333333,0.1938242189412527,-1.384701286889528
0.001051958333333333,0.1861187543017067,-1.39249988343733
0.001053208333333333,0.1784132896621607,-1.399620341154888
0.001054458333333333,0.1713778654260535,-1.407758007117812
0.001055708333333333,0.1636724007865075,-1.41487846483537
0.001056958333333333,0.1563019563486809,-1.421659853137807
0.001058208333333333,0.1489315119108543,-1.428102172025121
0.001059458333333333,0.1415610674730277,-1.434205421497314
0.001060708333333333,0.1341906230352011,-1.440647740384629
0.001061958333333333,0.1268201785973745,-1.447090059271944
0.001063208333333333,0.1197847543612673,-1.452854239329015
0.001064458333333333,0.1124143099234407,-1.459974697046573
0.001065708333333333,0.1040388048804559,-1.466756085349009
0.001066958333333333,0.09599832003919054,-1.47421561248169
0.001068208333333333,0.08862787560136393,-1.483031417274857
0.001069458333333333,0.08125743116353734,-1.493203499728512
0.001070708333333333,0.07321694632227196,-1.506088137503141
0.001071958333333333,0.0648414412792872,-1.523380677674354
0.001073208333333333,0.0571359766397412,-1.545420189657273
0.001074458333333333,0.04842545139503705,-1.57661457584848
0.001075708333333333,0.03971492615033288,-1.615946628002612
0.001076958333333333,0.03066938070390934,-1.662738207289424
0.001078208333333333,0.02162383525748578,-1.713937688972819
0.001079458333333333,0.01257828981106223,-1.765137170656215
0.001080708333333333,0.003867764566358074,-1.82006641590595
0.001081958333333333,-0.005847821283504257,-1.872622175249833
0.001083208333333333,-0.01589842733508598,-1.931281184065909
0.001084458333333333,-0.0259490333866677,-1.986210429315644
0.001085708333333333,-0.03633465963996882,-2.04317409105611
0.001086958333333333,-0.04672028589326993,-2.099459613966333
0.001088208333333333,-0.05610085154141287,-2.144555846177536
0.001089458333333333,-0.06715651819815277,-2.177784648859475
0.001090708333333333,-0.07653708384629571,-2.194059980785322
0.001091958333333333,-0.0872577303013162,-2.201180438502881
0.001093208333333333,-0.09730833635289793,-2.200163230257515
0.001094458333333333,-0.107693962606199,-2.195077189030687
0.001095708333333333,-0.1184146090612196,-2.186600453652642
0.001096958333333333,-0.1284652151128013,-2.176767440614109
0.001098208333333333,-0.1388508413661024,-2.16388280283948
0.001099458333333333,-0.1485664272159647,-2.149641887404363
0.001100708333333333,-0.1592870736709852,-2.134044694308759
0.001101958333333333,-0.1690026595208476,-2.118108431798034
0.001103208333333333,-0.1787182453707099,-2.100815891626821
0.001104458333333333,-0.1884338312205722,-2.081488934964876
0.001105708333333333,-0.1981494170704345,-2.063179186548298
0.001106958333333333,-0.2071949625168581,-2.042495952225867
0.001108208333333333,-0.216575528165001,-2.022151787318557
0.001109458333333333,-0.2256210736114246,-2.000112275335639
0.001110708333333333,-0.2343315988561288,-1.97807276335272
0.001111958333333333,-0.2433771443025523,-1.95569418195468
0.001113208333333333,-0.2514176291438177,-1.932298392311274
0.001114458333333333,-0.2597931341868025,-1.907546325007381
0.001115708333333333,-0.2681686392297872,-1.883811465948853
0.001116958333333333,-0.2762091240710526,-1.85905939864496
0.001118208333333333,-0.284249608912318,-1.83295105368058
0.001119458333333333,-0.2922900937535834,-1.807520847546443
0.001120708333333333,-0.2999955583931294,-1.780734363751818
0.001121958333333333,-0.3066959624275172,-1.753608810542073
0.001123208333333333,-0.3144014270670631,-1.726144187917205
0.001124458333333333,-0.3221068917066092,-1.699357704122581
0.001125708333333333,-0.3291423159427164,-1.671214942667469
0.001126958333333333,-0.3358427199771042,-1.643072181212358
0.001128208333333333,-0.342543124011492,-1.613912211511881
0.001129458333333333,-0.3489085078441604,-1.584413172396282
0.001130708333333333,-0.3559439320802676,-1.554914133280684
0.001131958333333333,-0.3619742957112166,-1.524736955334841
0.001133208333333333,-0.3690097199473238,-1.494898846804121
0.001134458333333333,-0.3743700431748341,-1.464721668858278
0.001135708333333333,-0.3800653866040637,-1.433866352082192
0.001136958333333333,-0.3857607300332934,-1.403350104721228
0.001138208333333333,-0.3921261138659618,-1.37215571853002
0.001139458333333333,-0.3974864370934721,-1.340283193508569
0.001140708333333333,-0.4028467603209823,-1.308410668487118
0.001141958333333333,-0.4082070835484926,-1.276538143465666
0.001143208333333333,-0.412897366372564,-1.244326549029093
0.001144458333333333,-0.4179226693983549,-1.210758676932032
0.001145708333333333,-0.422277932020707,-1.178547082495459
0.001146958333333333,-0.4273032350464979,-1.145657349228642
0.001148208333333333,-0.4319935178705693,-1.112428546546703
0.001149458333333333,-0.4363487804929214,-1.078860674449643
0.001150708333333333,-0.4403690229135541,-1.045631871767704
0.001151958333333333,-0.4447242855359061,-1.012063999670643
0.001153208333333333,-0.4487445279565389,-0.9781570581584609
0.001154458333333333,-0.4524297501754522,-0.944928255476522
0.001155708333333333,-0.4561149723943654,-0.9106822445492179
0.001156958333333333,-0.4594651744115594,-0.87575809479167
0.001158208333333333,-0.4631503966304726,-0.8418511532794876
0.001159458333333333,-0.466835618849386,-0.8076051423521833
0.001160708333333333,-0.4698508006648605,-0.7733591314248791
0.001161958333333333,-0.4725309622786156,-0.738774051082453
0.001163208333333333,-0.4752111238923707,-0.704188970740027
0.001164458333333333,-0.4782263057078452,-0.6692648209824791
0.001165708333333333,-0.4809064673216004,-0.6343406712249312
0.001166958333333333,-0.4832516087336361,-0.5990774520522615
0.001168208333333333,-0.4859317703473912,-0.5644923717098355
0.001169458333333333,-0.4872718511542688,-0.5295682219522875
0.001170708333333333,-0.4896169925663045,-0.4949831416098614
0.001171958333333333,-0.4909570733731821,-0.4600589918523135
0.001173208333333333,-0.492632174381779,-0.4247957726796438
0.001174458333333333,-0.494307275390376,-0.3908888311674614
0.001175708333333333,-0.495982376398973,-0.3559646814099135
0.001176958333333333,-0.4976574774075699,-0.3210405316523656
0.001178208333333333,-0.4976574774075699,-0.2867945207250614
0.001179458333333333,-0.4993325784161669,-0.2518703709675135
0.001180708333333333,-0.5000026188196056,-0.2179634294553311
0.001181958333333333,-0.4996675986178862,-0.1840564879431487
0.001183208333333333,-0.5006726592230444,-0.1491323381856008
0.001184458333333333,-0.5010076794247638,-0.1148863272582966
0.001185708333333333,-0.5006726592230444,-0.08131845516123599
0.001186958333333333,-0.5010076794247638,-0.04775058306417541
0.001188208333333333,-0.5006726592230444,-0.01350457213687117
0.001189458333333333,-0.500337639021325,0.02006329996018942
0.001190708333333333,-0.4993325784161669,0.05329210264212818
0.001191958333333333,-0.4989975582144475,0.08652090532406695
0.001193208333333333,-0.4979924976092893,0.1190715691757621
0.001194458333333333,-0.4966524168024117,0.151961302442579
0.001195708333333333,-0.4949773157938148,0.1841728968791523
0.001196958333333333,-0.4933022147852179,0.2157063524854819
0.001198208333333333,-0.4916271137766209,0.2479179469220552
0.001199458333333333,-0.4899520127680239,0.2787732636981413
0.001200708333333333,-0.4879418915577076,0.3103067193044709
0.001201958333333333,-0.4855967501456718,0.3411620360805569
0.001203208333333333,-0.4832516087336361,0.3713392140263992
0.001204458333333333,-0.480571447119881,0.4018554613873634
0.001205708333333333,-0.4778912855061259,0.4313545005029621
0.001206958333333333,-0.4748761036906514,0.4608535396185608
0.001208208333333333,-0.4725309622786156,0.4903525787341595
0.001209458333333333,-0.4688457400597023,0.5191734790195145
0.001210708333333333,-0.4648254976390696,0.5476553098897478
0.001211958333333333,-0.4618103158235951,0.5754590019297373
0.001213208333333333,-0.457455053201243,0.602923624554605
0.001214458333333333,-0.4541048511840491,0.630049177764351
0.001215708333333333,-0.4497495885616971,0.6568356615589751
0.001216958333333333,-0.4447242855359061,0.6829440065233555
0.001218208333333333,-0.4403690229135541,0.7087132820726142
0.001219458333333333,-0.436013760291202,0.734143488206751
0.001220708333333333,-0.4313234774671306,0.7585564860955223
0.001221958333333333,-0.4269682148447785,0.7836476228145373
0.001223208333333333,-0.422277932020707,0.807382481873065
0.001224458333333333,-0.4165825885914773,0.8311173409315927
0.001225708333333333,-0.4115572855656865,0.8548521999901204
0.001226958333333333,-0.4065319825398956,0.8775698508032825
0.001228208333333333,-0.4005016189089466,0.899948432201323
0.001229458333333333,-0.3951412956814364,0.9216488747691197
0.001230708333333333,-0.3891109320504873,0.9430102479217947
0.001231958333333333,-0.3837506088229771,0.9643716210744696
0.001233208333333333,-0.3787253057971862,0.984715785981779
0.001234458333333333,-0.3720249017627984,1.005059950889089
0.001235708333333333,-0.3666645785352881,1.024386907551032
0.001236958333333333,-0.3599641745009003,1.043713864212976
0.001238208333333333,-0.3539338108699513,1.062701751459799
0.001239458333333333,-0.3475684270372829,1.080672430461255
0.001240708333333333,-0.3418730836080532,1.098643109462712
0.001241958333333333,-0.3351726795736654,1.115935649633925
0.001243208333333333,-0.3291423159427164,1.132550050974894
0.001244458333333333,-0.3221068917066092,1.14848631348562
0.001245708333333333,-0.3160765280756601,1.16510071482659
0.001246958333333333,-0.3097111442429917,1.180697907922193
0.001248208333333333,-0.3030107402086039,1.196295101017797
0.001249458333333333,-0.2966453563759355,1.210536016452914
0.001250708333333333,-0.2896099321398283,1.225116001303152
0.001251958333333333,-0.2829095281054405,1.238339708492904
0.001253208333333333,-0.2758741038693333,1.252241554512898
0.001254458333333333,-0.2691736998349454,1.264787122872406
0.001255708333333333,-0.2618032553971188,1.276993621816791
0.001256958333333333,-0.2557728917661698,1.289200120761177
0.001258208333333333,-0.2484024473283432,1.301067550290441
0.001259458333333333,-0.241367023092236,1.311578702159218
0.001260708333333333,-0.2353366594612869,1.322428923443116
0.001261958333333333,-0.2276311948217409,1.332940075311892
0.001263208333333333,-0.2205957705856337,1.342434018935303
0.001264458333333333,-0.2138953665512459,1.352267031973836
0.001265708333333333,-0.2065249221134193,1.361760975597248
0.001266958333333333,-0.1991544776755927,1.369898641560171
0.001268208333333333,-0.1921190534394855,1.378375376938217
0.001269458333333333,-0.1854186494050977,1.387191181731384
0.001270708333333333,-0.1780482049672711,1.394989778279186
0.001271958333333333,-0.1713478009328833,1.402110235996745
0.001273208333333333,-0.1636423362933373,1.409569763129425
0.001274458333333333,-0.1569419322589495,1.416012082016739
0.001275708333333333,-0.1492364676194035,1.423132539734298
0.001276958333333333,-0.1422010433832963,1.429913928036734
0.001278208333333333,-0.1348305989454697,1.436356246924049
0.001279458333333333,-0.1277951747093625,1.44212042698112
0.001280708333333333,-0.1207597504732553,1.448562745868434
0.001281958333333333,-0.1133893060354287,1.455344134170871
0.001283208333333333,-0.1060188615976021,1.461786453058186
0.001284458333333333,-0.0983133969580561,1.469924119021109
0.001285708333333333,-0.0912779727219489,1.477722715568911
0.001286958333333333,-0.08357250808240291,1.487216659192322
0.001288208333333333,-0.07653708384629571,1.499084088721586
0.001289458333333333,-0.06883161920674971,1.512985934741581
0.001290708333333333,-0.06012109396204556,1.532651960818647
0.001291958333333333,-0.05208060912078018,1.557743097537662
0.001293208333333333,-0.04404012427951481,1.593006316710331
0.001294458333333333,-0.03499457883309125,1.63538999360056
0.001295708333333333,-0.02728911419354527,1.677434601075666
0.001296958333333333,-0.01924862935227989,1.73778895696735
0.001298208333333333,-0.008192962695539992,1.786954022160015
0.001299458333333333,-0.001492558661152177,1.829676768465365
0.001300708333333333,0.008223027188710154,1.896134373829242
0.001301958333333333,0.02028375445060822,1.944621300191663
0.001303208333333333,0.0283242392918736,1.999211476026277
0.001304458333333333,0.03837484534345532,2.058887693087718
0.001305708333333333,0.04943051200019521,2.108391827695504
0.001306958333333333,0.05881107764833816,2.151792712831098
0.001308208333333333,0.06886168369991988,2.179596404871087
0.001309458333333333,0.07857726954978222,2.193837320306204
0.001310708333333333,0.08896289580308334,2.198584292117909
0.001311958333333333,0.09968354225810383,2.1968889450423
0.001313208333333333,0.1093991281079662,2.191802903815473
0.001314458333333333,0.1201197745629867,2.183326168437427
0.001315708333333333,0.1308404210180072,2.172475947153529
0.001316958333333333,0.1408910270695889,2.1595913093789
0.001318208333333333,0.15127665332289,2.145011324528661
0.001319458333333333,0.1609922391727523,2.130092270263301
0.001320708333333333,0.1707078250226147,2.113477868922331
0.001321958333333333,0.1814284714776352,2.094829051090631
0.001323208333333333,0.1904740169240587,2.076180233258931
0.001324458333333333,0.2005246229756404,2.056853276596987
0.001325708333333333,0.209570168422064,2.036509111689678
0.001326958333333333,0.218950734070207,2.014808669121881
0.001328208333333333,0.2273262391131917,1.992769157138962
0.001329458333333333,0.237041824963054,1.970390575740922
0.001330708333333333,0.2460873704094776,1.946994786097516
0.001331958333333333,0.2547978956541817,1.92359899645411
0.001333208333333333,0.2631734006971665,1.898846929150217
0.001334458333333333,0.2715489057401513,1.874433931261446
0.001335708333333333,0.2809294713882942,1.848664655712187
0.001336958333333333,0.289304976431279,1.822556310747806
0.001338208333333333,0.2963404006673862,1.796787035198548
0.001339458333333333,0.3043808855086516,1.770000551403924
0.001340708333333333,0.3127563905516363,1.742196859363934
0.001341958333333333,0.3197918147877435,1.714393167323945
0.001343208333333333,0.3274972794272895,1.685911336453711
0.001344458333333333,0.3348677238651161,1.656751366753235
0.001345708333333333,0.3419031481012234,1.627591397052758
0.001346958333333333,0.3489385723373306,1.598092357937159
0.001348208333333333,0.3559739965734378,1.568254249406438
0.001349458333333333,0.3626744006078256,1.537738002045474
0.001350708333333333,0.3703798652473715,1.507560824099632
0.001351958333333333,0.3754051682731624,1.476366437908424
0.001353208333333333,0.3824405925092696,1.444832982302094
0.001354458333333333,0.3891409965436574,1.413299526695765
0.001355708333333333,0.3958414005780452,1.381087932259191
0.001356958333333333,0.4008667036038361,1.348876337822618
0.001358208333333333,0.4068970672347851,1.316325673970923
0.001359458333333333,0.4125924106640148,1.28411407953435
0.001360708333333333,0.4186227742949638,1.250885276852411
0.001361958333333333,0.4233130571190353,1.217995543585594
0.001363208333333333,0.4283383601448261,1.184088602073412
0.001364458333333333,0.4336986833723364,1.150181660561229
0.001365708333333333,0.439394026801566,1.115935649633925
0.001366958333333333,0.4430792490204793,1.082028708121743
0.001368208333333333,0.4484395722479896,1.047443627779316
0.001369458333333333,0.4524598146686223,1.012858547436891
0.001370708333333333,0.4571500974926938,0.9782734670944644
0.001371958333333333,0.4618403803167652,0.9436883867520383
0.001373208333333333,0.4655256025356785,0.9087642369944904
0.001374458333333333,0.4698808651580306,0.8735010178218207
0.001375708333333333,0.4735660873769439,0.8378987292340292
0.001376958333333333,0.4772513095958572,0.8033136488916031
0.001378208333333333,0.4802664914113317,0.7677113603038116
0.001379458333333333,0.4836166934285256,0.7314309328857764
0.001380708333333333,0.4866318752440001,0.6965067831282286
0.001381958333333333,0.489982077261194,0.660904494540437
0.001383208333333333,0.4923272186732298,0.6249631365375237
0.001384458333333333,0.4950073802869849,0.5890217785346102
0.001385708333333333,0.49768754190074,0.5534194899468188
0.001386958333333333,0.5000326833127757,0.5178172013590272
0.001388208333333333,0.5013727641196534,0.4818758433561139
0.001389458333333333,0.5040529257334084,0.4459344853532005
0.001390708333333333,0.5057280267420055,0.410332196765409
0.001391958333333333,0.5074031277506024,0.3743908387624956
0.001393208333333333,0.5084081883557605,0.3387885501747041
0.001394458333333333,0.509748269162638,0.3035253310020344
0.001395708333333333,0.5110883499695157,0.2682621118293647
0.001396958333333333,0.5117583903729545,0.232998892656695
0.001398208333333333,0.5124284307763932,0.1973966040689034
0.001399458333333333,0.5134334913815514,0.1621333848962337
0.001400708333333333,0.5134334913815514,0.1265310963084422
0.001401958333333333,0.513098471179832,0.09228508538113796
0.001403208333333333,0.5134334913815514,0.05803907445383372
0.001404458333333333,0.5141035317849901,0.02277585528116401
0.001405708333333333,0.5134334913815514,-0.0111310862310184
0.001406958333333333,0.513098471179832,-0.04571616657344446
0.001408208333333333,0.5117583903729545,-0.07962310808562688
0.001409458333333333,0.5110883499695157,-0.1135300495978093
0.001410708333333333,0.509748269162638,-0.1470979216948698
0.001411958333333333,0.5080731681540411,-0.1799876549616868
0.001413208333333333,0.507068107548883,-0.2138945964738692
0.001414458333333333,0.5053930065402861,-0.2464452603255644
0.001415708333333333,0.5033828853299697,-0.2786568547621376
0.001416958333333333,0.5013727641196534,-0.3101903103684673
0.001418208333333333,0.5000326833127757,-0.3417237659747969
0.001419458333333333,0.4966824812955818,-0.3729181521660047
0.001420708333333333,0.4943373398835461,-0.4041125383572126
0.001421958333333333,0.4909871378663522,-0.4349678551332986
0.001423208333333333,0.4873019156474389,-0.4651450330791409
0.001424458333333333,0.4846217540336838,-0.4946440721947396
0.001425708333333333,0.4802664914113317,-0.5238040418952166
0.001426958333333333,0.4769162893941378,-0.5529640115956934
0.001428208333333333,0.4728960469735051,-0.5814458424659266
0.001429458333333333,0.4688758045528724,-0.6092495345059162
0.001430708333333333,0.4655256025356785,-0.6377313653761494
0.001431958333333333,0.4611703399133265,-0.6645178491707735
0.001433208333333333,0.456480057089255,-0.6913043329653976
0.001434458333333333,0.4514547540634641,-0.7174126779297781
0.001435708333333333,0.4460944308359538,-0.7438600923092804
0.001436958333333333,0.4414041480118824,-0.7689512290282954
0.001438208333333333,0.4363788449860915,-0.7943814351624322
0.001439458333333333,0.4313535419603007,-0.8184553636360817
0.001440708333333333,0.425658198531071,-0.842868361524853
0.001441958333333333,0.4206328955052802,-0.8662641511682588
0.001443208333333333,0.4146025318743311,-0.8896599408116648
0.001444458333333333,0.4089071884451015,-0.912377591624827
0.001445708333333333,0.4038818854193106,-0.9340780341926237
0.001446958333333333,0.3975165015866422,-0.9554394073452986
0.001448208333333333,0.3918211581574125,-0.9774789193282172
0.001449458333333333,0.3854557743247441,-0.9978230842355267
0.001450708333333333,0.3784203500886369,-1.017828179727714
0.001451958333333333,0.3730600268611267,-1.038172344635024
0.001453208333333333,0.3666946430284582,-1.057160231881846
0.001454458333333333,0.3603292591957898,-1.076826257958912
0.001455708333333333,0.353628855161402,-1.094457867545247
0.001456958333333333,0.3469284511270142,-1.112428546546703
0.001458208333333333,0.339893026890907,-1.130060156133038
0.001459458333333333,0.3338626632599579,-1.145996418643764
0.001460708333333333,0.3264922188221314,-1.163288958814977
0.001461958333333333,0.3194567945860242,-1.178547082495459
0.001463208333333333,0.3130914107533557,-1.194144275591063
0.001464458333333333,0.3057209663155291,-1.209402399271545
0.001465708333333333,0.2986855420794219,-1.223643314706661
0.001466958333333333,0.2919851380450341,-1.237884230141778
0.001468208333333333,0.2849497138089269,-1.251107937331529
0.001469458333333333,0.2775792693711003,-1.264670713936402
0.001470708333333333,0.2705438451349931,-1.277555351711032
0.001471958333333333,0.2631734006971665,-1.289422781240295
0.001473208333333333,0.2558029562593399,-1.301290210769559
0.001474458333333333,0.2491025522249521,-1.312818570883701
0.001475708333333333,0.2413970875854061,-1.323329722752478
0.001476958333333333,0.2343616633492989,-1.334179944036376
0.001478208333333333,0.2269912189114723,-1.344352026490031
0.001479458333333333,0.2192857542719263,-1.353845970113442
0.001480708333333333,0.2125853502375385,-1.362661774906609
0.001481958333333333,0.2052149057997119,-1.371816649114899
0.001483208333333333,0.1981794815636047,-1.380293384492944
0.001484458333333333,0.1901389967223393,-1.38877011987099
0.001485708333333333,0.1831035724862321,-1.395890577588548
0.001486958333333333,0.1757331280484055,-1.40368917413635
0.001488208333333333,0.1676926432071402,-1.410809631853909
0.001489458333333333,0.1609922391727523,-1.417930089571467
0.001490708333333333,0.152951754331487,-1.424372408458781
0.001491958333333333,0.1455813098936604,-1.431153796761218
0.001493208333333333,0.1382108654558338,-1.437935185063654
0.001494458333333333,0.1301703806145684,-1.443360295705604
0.001495708333333333,0.1231349563784612,-1.449802614592918
0.001496958333333333,0.1157645119406346,-1.455905864065111
0.001498208333333333,0.1087290877045274,-1.463026321782669
0.001499458333333333,0.1010236230649814,-1.469807710085106
0.001500708333333333,0.09298313822371601,-1.47794537604803
0.001501958333333333,0.08561269378588943,-1.487439319671441
0.001503208333333333,0.07723718874290464,-1.499306749200705
0.001504458333333333,0.06919670390163926,-1.513208595220699
0.001505708333333333,0.06149123926209329,-1.5318574130524
0.001506958333333333,0.05311573421910851,-1.55796575801678
0.001508208333333333,0.04474022917612375,-1.592550838359206
0.001509458333333333,0.0353596635279808,-1.637647070570409
0.001510708333333333,0.02731917868671543,-1.685794927517708
0.001511958333333333,0.01827363324029188,-1.737672548031347
0.001513208333333333,0.009228087793868326,-1.790906446205473
0.001514458333333333,-0.0004874980559940052,-1.844479413794722
0.001515708333333333,-0.01087312430929512,-1.900086797874701
0.001516958333333333,-0.02025368995743806,-1.955355112539558
0.001518208333333333,-0.03097433641245857,-2.014692260185877
0.001519458333333333,-0.04135996266575968,-2.067926158360004
0.001520708333333333,-0.0514105687173414,-2.122855403609739
0.001521958333333333,-0.06112615456720373,-2.160492108688262
0.001523208333333333,-0.07084174041706606,-2.185583245407277
0.001524458333333333,-0.08122736667036717,-2.19745067493654
0.001525708333333333,-0.0919480131253877,-2.200841369087759
0.001526958333333333,-0.1019986191769694,-2.197789744351662
0.001528208333333333,-0.1123842454302705,-2.191347425464348
0.001529458333333333,-0.1234399120870104,-2.181514412425815
0.001530708333333333,-0.1334905181385921,-2.170325121726794
0.001531958333333333,-0.1432061039884545,-2.157779553367287
0.001533208333333333,-0.153926750443475,-2.142860499101927
0.001534458333333333,-0.1639773564950567,-2.127263306006323
0.001535708333333333,-0.173692942344919,-2.110309835250232
0.001536958333333333,-0.1827384877913426,-2.092000086833653
0.001538208333333333,-0.1927890938429243,-2.073351269001953
0.001539458333333333,-0.2018346392893478,-2.054024312340009
0.001540708333333333,-0.2112152049374908,-2.033341078017577
0.001541958333333333,-0.2205957705856337,-2.011979704864903
0.001543208333333333,-0.2296413160320573,-1.990279262297106
0.001544458333333333,-0.2386868614784808,-1.967222542068822
0.001545708333333333,-0.2470623665214656,-1.944165821840538
0.001546958333333333,-0.2557728917661698,-1.92043096278201
0.001548208333333333,-0.2638133766074351,-1.896696103723482
0.001549458333333333,-0.2718538614487006,-1.871604967004467
0.001550708333333333,-0.2798943462899659,-1.846852899700574
0.001551958333333333,-0.2875998109295119,-1.821422693566437
0.001553208333333333,-0.2956402957707773,-1.795314348602057
0.001554458333333333,-0.3026757200068845,-1.769545073052798
0.001555708333333333,-0.3103811846464305,-1.742080450427931
0.001556958333333333,-0.3180866492859765,-1.714276758387941
0.001558208333333333,-0.3247870533203643,-1.686812135763073
0.001559458333333333,-0.3321574977581909,-1.65833030489284
0.001560708333333333,-0.3388579017925787,-1.630187543437729
0.001561958333333333,-0.3458933260286859,-1.600010365491886
0.001563208333333333,-0.3522587098613543,-1.571528534621653
0.001564458333333333,-0.3586240936940228,-1.541351356675811
0.001565708333333333,-0.3649894775266912,-1.511174178729968
0.001566958333333333,-0.3710198411576402,-1.480997000784126
0.001568208333333333,-0.3773852249903086,-1.449802614592918
0.001569458333333333,-0.3824105280160995,-1.420303575477319
0.001570708333333333,-0.3877708512436097,-1.38877011987099
0.001571958333333333,-0.3938012148745588,-1.35723666426466
0.001573208333333333,-0.3994965583037884,-1.325364139243209
0.001574458333333333,-0.4048568815312987,-1.293830683636879
0.001575708333333333,-0.4098821845570895,-1.261280019785184
0.001576958333333333,-0.4152425077845998,-1.228729355933489
0.001578208333333333,-0.4202678108103907,-1.196856830912037
0.001579458333333333,-0.4249580936344621,-1.163628028230099
0.001580708333333333,-0.4293133562568142,-1.13039922554816
0.001581958333333333,-0.4340036390808857,-1.097170422866221
0.001583208333333333,-0.4386939219049572,-1.063941620184282
0.001584458333333333,-0.4427141643255899,-1.0300346786721
0.001585708333333333,-0.4463993865445031,-0.9964668065750394
0.001586958333333333,-0.4504196289651358,-0.9622207956477351
0.001588208333333333,-0.4541048511840491,-0.9283138541355527
0.001589458333333333,-0.457455053201243,-0.8944069126233702
0.001590708333333333,-0.4611402754201563,-0.8598218322809442
0.001591958333333333,-0.465160517840789,-0.8262539601838836
0.001593208333333333,-0.4675056592528247,-0.7913298104263358
0.001594458333333333,-0.471190881471738,-0.7570837994990315
0.001595708333333333,-0.4732010026820544,-0.7228377885717273
0.001596958333333333,-0.4762161844975289,-0.6875745693990576
0.001598208333333333,-0.4785613259095646,-0.6533285584717533
0.001599458333333333,-0.4819115279267586,-0.6187434781293273
0.001600708333333333,-0.4839216491370749,-0.5834802589566576
0.001601958333333333,-0.4859317703473912,-0.5488951786142315
0.001603208333333333,-0.4882769117594269,-0.5139710288566837
0.001604458333333333,-0.4896169925663045,-0.4793859485142575
0.001605708333333333,-0.4919621339783403,-0.4444617987567096
0.001606958333333333,-0.4933022147852179,-0.4091985795840399
0.001608208333333333,-0.4939722551886566,-0.3752916380718575
0.001609458333333333,-0.495982376398973,-0.3403674883143096
0.001610708333333333,-0.4963173966006924,-0.3057824079718836
0.001611958333333333,-0.4976574774075699,-0.2711973276294575
0.001613208333333333,-0.4993325784161669,-0.2366122472870315
0.001614458333333333,-0.4993325784161669,-0.2016880975294836
0.001615708333333333,-0.500337639021325,-0.1677811560173011
0.001616958333333333,-0.5000026188196056,-0.1331960756748751
0.001618208333333333,-0.5006726592230444,-0.09928913416269267
0.001619458333333333,-0.5006726592230444,-0.06504312323538844
0.001620708333333333,-0.5000026188196056,-0.03147525113832784
0.001621958333333333,-0.5000026188196056,0.002092620958732741
0.001623208333333333,-0.4989975582144475,0.03566049305579333
0.001624458333333333,-0.4989975582144475,0.06855022632261026
0.001625708333333333,-0.4983275178110087,0.1014399595894272
0.001626958333333333,-0.4969874370041311,0.1339906234411223
0.001628208333333333,-0.4953123359955342,0.1668803567079393
0.001629458333333333,-0.494307275390376,0.1990919511445126
0.001630708333333333,-0.4929671945834984,0.2306254067508422
0.001631958333333333,-0.4909570733731821,0.2624979317722937
0.001633208333333333,-0.4892819723645851,0.2936923179635015
0.001634458333333333,-0.4869368309525494,0.3245476347395875
0.001635708333333333,-0.4845916895405137,0.3557420209307953
0.001636958333333333,-0.4822465481284779,0.3855801294615158
0.001638208333333333,-0.478896346111284,0.4157573074073582
0.001639458333333333,-0.4758811642958095,0.4455954159380787
0.001640708333333333,-0.4732010026820544,0.4747553856385556
0.001641958333333333,-0.4705208410682993,0.5032372165087887
0.001643208333333333,-0.466835618849386,0.531719047379022
0.001644458333333333,-0.4631503966304726,0.5598618088341334
0.001645708333333333,-0.45913015420984,0.5880045702892448
0.001646958333333333,-0.4554449319909267,0.6154691929141125
0.001648208333333333,-0.451424689570294,0.641577537878493
0.001649458333333333,-0.4470694269479419,0.6683640216731171
0.001650708333333333,-0.4433842047290286,0.6944723666374976
0.001651958333333333,-0.4386939219049572,0.7212588504321217
0.001653208333333333,-0.4336686188791663,0.7460109177360148
0.001654458333333333,-0.4289783360550948,0.770762985039908
0.001655708333333333,-0.4242880532310233,0.7951759829286793
0.001656958333333333,-0.4192627502052325,0.8185717725720852
0.001658208333333333,-0.4142374471794416,0.8419675622154911
0.001659458333333333,-0.4095471643553701,0.865024282443775
0.001660708333333333,-0.4035168007244211,0.8874028638418154
0.001661958333333333,-0.3981564774969109,0.9101205146549777
0.001663208333333333,-0.3921261138659618,0.9314818878076526
0.001664458333333333,-0.3867657906384516,0.9525041915452057
0.001665708333333333,-0.381070447209222,0.9735264952827588
0.001666958333333333,-0.3743700431748341,0.9938706601900683
0.001668208333333333,-0.3693447401490432,1.014214825097378
0.001669458333333333,-0.3633143765180942,1.033541781759322
0.001670708333333333,-0.3572840128871452,1.052190599591022
0.001671958333333333,-0.3512536492561962,1.071178486837844
0.001673208333333333,-0.3445532452218084,1.088810096424179
0.001674458333333333,-0.3388579017925787,1.106441706010514
0.001675708333333333,-0.3324925179599102,1.124073315596849
0.001676958333333333,-0.3261271341272419,1.141365855768062
0.001678208333333333,-0.3197617502945734,1.156623979448544
0.001679458333333333,-0.3127263260584662,1.171882103129026
0.001680708333333333,-0.3060259220240784,1.187140226809508
0.001681958333333333,-0.2993255179896906,1.20239835048999
0.001683208333333333,-0.2926251139553028,1.216639265925107
0.001684458333333333,-0.2865947503243537,1.230880181360223
0.001685708333333333,-0.2798943462899659,1.244782027380218
0.001686958333333333,-0.2728589220538587,1.257666665154847
0.001688208333333333,-0.2651534574143127,1.270212233514355
0.001689458333333333,-0.2591230937833637,1.282757801873862
0.001690708333333333,-0.2520876695472565,1.294286161988004
0.001691958333333333,-0.2450522453111492,1.306153591517268
0.001693208333333333,-0.2383518412767614,1.317342882216288
0.001694458333333333,-0.2313164170406542,1.327175895254821
0.001695708333333333,-0.224280992804547,1.337347977708476
0.001696958333333333,-0.2175805887701592,1.347520060162131
0.001698208333333333,-0.2095401039288938,1.357014003785542
0.001699458333333333,-0.2031747200962254,1.365490739163588
0.001700708333333333,-0.1958042756583988,1.374306543956755
0.001701958333333333,-0.1884338312205722,1.382444209919679
0.001703208333333333,-0.1817334271861844,1.390581875882603
0.001704458333333333,-0.1750330231517966,1.397363264185039
0.001705708333333333,-0.1673275585122506,1.404822791317719
0.001706958333333333,-0.1602921342761434,1.411943249035277
0.001708208333333333,-0.1535917302417556,1.419402776167958
0.001709458333333333,-0.1458862656022096,1.426184164470394
0.001710708333333333,-0.138515821164383,1.432626483357709
0.001711958333333333,-0.1314803969282758,1.438729732829902
0.001713208333333333,-0.1241099524904492,1.445172051717216
0.001714458333333333,-0.1167395080526226,1.451614370604531
0.001715708333333333,-0.1097040838165154,1.458395758906967
0.001716958333333333,-0.1019986191769694,1.465516216624526
0.001718208333333333,-0.09496319494086219,1.473653882587449
0.001719458333333333,-0.08759275050303561,1.482130617965495
0.001720708333333333,-0.080222306065209,1.491963631004028
0.001721958333333333,-0.0731868818291018,1.504848268778657
0.001723208333333333,-0.06447635658439763,1.521462670119627
0.001724458333333333,-0.05677089194485165,1.541467765611814
0.001725708333333333,-0.04906542730530566,1.572662151803022
0.001726958333333333,-0.03968486165716272,1.616063036938616
0.001728208333333333,-0.03164437681589734,1.650648117281042
0.001729458333333333,-0.02427393237807075,1.707611779021508
0.001730708333333333,-0.01355328592305025,1.75813312187466
0.001731958333333333,-0.005512801081784867,1.805941909406837
0.001733208333333333,0.003532744364638684,1.863244640562425
0.001734458333333333,0.01358335041622041,1.916478538736552
0.001735708333333333,0.02329893626608274,1.970390575740922
0.001736958333333333,0.03334954231766446,2.02769330689651
0.001738208333333333,0.04373516857096558,2.081266274485758