7.031250000000002e-07,0.002862703961199903,1.008450645040307
1.953125e-06,0.007888006986990763,1.008789714455429
3.203125e-06,0.01358335041622041,1.009806922700794
4.453125e-06,0.01860865344201127,1.010485061531038
5.703125000000001e-06,0.02430399687124091,1.010824130946159
6.953125e-06,0.02999934030047055,1.010485061531038
8.203125000000001e-06,0.03502464332626141,1.010145992115916
9.453124999999999e-06,0.04071998675549106,1.009806922700794
1.0703125e-05,0.0464153301847207,1.007772506210063
1.1953125e-05,0.05177565341223096,1.005738089719332
1.3203125e-05,0.0574709968414606,1.004720881473967
1.4453125e-05,0.06283132006897085,1.001330187322748
1.5703125e-05,0.06819164329648111,0.9989567014168956
1.6953125e-05,0.07355196652399135,0.9965832155110429
1.8203125e-05,0.07924730995322099,0.9928534519447028
1.9453125e-05,0.08360257257557308,0.9891236883783627
2.0703125e-05,0.08896289580308334,0.9836985777364136
2.1953125e-05,0.09432321903059357,0.9792906753398298
2.3203125e-05,0.09934852205638445,0.9748827729432461
2.4453125e-05,0.1050438654856141,0.9687795234710532
2.5703125e-05,0.1104041887131243,0.9636934822442259
2.6953125e-05,0.1147594513354764,0.9569120939417894
2.8203125e-05,0.1211248351681448,0.9514869832998403
2.9453125e-05,0.1254800977904969,0.9453837338276474
3.0703125e-05,0.1288302998076908,0.9369069984496018
3.1953125e-05,0.1345256432369205,0.9297865407320435
3.3203125e-05,0.1398859664644307,0.9219879441842416
3.4453125e-05,0.1449112694902216,0.9141893476364396
3.5703125e-05,0.1489315119108543,0.9053735428432722
3.6953125e-05,0.1536217947349257,0.8968968074652266
3.8203125e-05,0.1583120775589972,0.8877419332569373
3.9453125e-05,0.1630023603830687,0.8775698508032825
4.0703125e-05,0.1673576230054208,0.8680759071798715
4.1953125e-05,0.1717128856277728,0.8579038247262168
4.3203125e-05,0.1757331280484055,0.8470536034423184
4.4453125e-05,0.180423410872477,0.8372205904037855
4.5703125e-05,0.1841086330913903,0.8260312997047653
4.6953125e-05,0.188128875512023,0.8141638701755015
4.8203125e-05,0.1921491179326557,0.8026355100613595
4.9453125e-05,0.1965043805550078,0.7904290111169738
5.0703125e-05,0.2001896027739211,0.7785615815877099
5.1953125e-05,0.2045448653962731,0.7660160132282025
5.3203125e-05,0.2082300876151864,0.7538095142838168
5.4453125e-05,0.2109102492289416,0.7409248765091875
5.5703125e-05,0.2152655118512936,0.7266839610740708
5.6953125e-05,0.218950734070207,0.7131211844691979
5.8203125e-05,0.2219659158856815,0.6992193384492031
5.9453125e-05,0.2253161179028754,0.6846393535989647
6.0703125e-05,0.2286663199200693,0.6700593687487262
6.1953125e-05,0.2320165219372632,0.6554793838984878
6.3203125e-05,0.2353667239544571,0.6408993990482493
6.4453125e-05,0.2380468855682122,0.6259803447828891
6.570312499999999e-05,0.2424021481905643,0.6100440822721633
6.6953125e-05,0.2447472896026,0.5941078197614377
6.8203125e-05,0.2457523502077582,0.5791887654960773
6.9453125e-05,0.2494375724266715,0.5622352947399861
7.070312499999999e-05,0.2521177340404266,0.5456208933990168
7.1953125e-05,0.2551329158559011,0.5300237003034128
7.3203125e-05,0.2574780572679369,0.5130702295473216
7.4453125e-05,0.2594881784782532,0.4961167587912305
7.570312499999999e-05,0.261833319890289,0.4795023574502611
7.6953125e-05,0.2641784613023247,0.4618707478639263
7.8203125e-05,0.266188582512641,0.4439000688624696
7.9453125e-05,0.2685337239246767,0.4262684592761347
8.070312500000001e-05,0.2702088249332737,0.4089759191049217
8.195312499999999e-05,0.2725539663453094,0.3913443095185868
8.3203125e-05,0.2735590269504676,0.3730345611020083
8.4453125e-05,0.2759041683625034,0.3547248126854298
8.5703125e-05,0.2772442491693809,0.3353978560234859
8.695312499999999e-05,0.2789193501779779,0.317766246437151
8.8203125e-05,0.2802594309848555,0.2991174286054507
8.9453125e-05,0.2819345319934524,0.2801295413586286
9.0703125e-05,0.2839446532037687,0.2614807235269282
9.195312499999999e-05,0.2842796734054881,0.242492836280106
9.3203125e-05,0.2852847340106463,0.2235049490332839
9.4453125e-05,0.2862897946158044,0.2045170617864617
9.5703125e-05,0.2869598350192433,0.1855291745396396
9.695312499999999e-05,0.2879648956244014,0.1665412872928174
9.8203125e-05,0.2882999158261208,0.1465361918006298
9.9453125e-05,0.2889699562295596,0.126870165723564
0.000100703125,0.289304976431279,0.10754320906162
0.000101953125,0.2896399966329984,0.08753811356943242
0.000103203125,0.2903100370364372,0.06821115690748844
0.000104453125,0.2906450572381565,0.04888420024554447
0.000105703125,0.2896399966329984,0.02921817416847867
0.000106953125,0.289304976431279,0.009891217506534695
0.000108203125,0.2899750168347178,-0.01045294740077475
0.000109453125,0.2896399966329984,-0.0294408346475969
0.000110703125,0.2889699562295596,-0.0491068607246627
0.000111953125,0.289304976431279,-0.06843381738660667
0.000113203125,0.2882999158261208,-0.08776077404855065
0.000114453125,0.2872948552209627,-0.1070877307104946
0.000115703125,0.2862897946158044,-0.1260756179573168
0.000116953125,0.2849497138089269,-0.1457416440343826
0.000118203125,0.2839446532037687,-0.1650686006963266
0.000119453125,0.28327461280033,-0.1843955573582705
0.000120703125,0.281599511791733,-0.2040615834353363
0.000121953125,0.279924410783136,-0.2233885400972803
0.000123203125,0.2782493097745391,-0.2427154967592243
0.000124453125,0.2769092289676615,-0.2617033840060464
0.000125703125,0.2752341279590645,-0.2806912712528686
0.000126953125,0.2728889865470288,-0.2993400890845689
0.000128203125,0.2702088249332737,-0.3186670457465129
0.000129453125,0.2685337239246767,-0.3366377247479695
0.000130703125,0.266188582512641,-0.3552865425796699
0.000131953125,0.2631734006971665,-0.3732572215811266
0.000133203125,0.2611632794868501,-0.3912279005825832
0.000134453125,0.258483117873095,-0.4095376489991617
0.000135703125,0.2558029562593399,-0.4275083280006184
0.000136953125,0.2531227946455848,-0.4451399375869532
0.000138203125,0.2494375724266715,-0.4624324777581663
0.000139453125,0.246422390611197,-0.480403156759623
0.000140703125,0.2444122694008806,-0.4973566275157142
0.000141953125,0.2410620673836867,-0.5146491676869273
0.000143203125,0.2367068047613347,-0.5312635690278966
0.000144453125,0.2323515421389826,-0.5482170397839878
0.000145703125,0.2293363603235081,-0.5648314411249572
0.000146953125,0.2259861583063142,-0.580767703635683
0.000148203125,0.2219659158856815,-0.5970430355615305
0.000149453125,0.218950734070207,-0.6126402286571344
0.000150703125,0.2142604512461355,-0.6282374217527383
0.000151953125,0.2105752290272222,-0.6434955454332204
0.000153203125,0.2062199664048701,-0.6587536691137025
0.000154453125,0.201864703782518,-0.6736727233790628
0.000155703125,0.1981794815636047,-0.6889308470595449
0.000156953125,0.1938242189412527,-0.7028326930795397
0.000158203125,0.1884638957137424,-0.7167345390995344
0.000159453125,0.1844436532931097,-0.7309754545346511
0.000160703125,0.1797533704690382,-0.744538231139524
0.000161953125,0.1750630876449668,-0.7574228689141533
0.000163203125,0.1703728048208953,-0.7709856455190263
0.000164453125,0.1663525624002626,-0.7825140056331683
0.000165703125,0.1609922391727523,-0.7950595739926758
0.000166953125,0.1556319159452421,-0.8079442117673051
0.000168203125,0.1516116735246094,-0.819811641296569
0.000169453125,0.1462513502970992,-0.831340001410711
0.000170703125,0.1412260472713083,-0.8425292921097312
0.000171953125,0.1365357644472368,-0.8530404439785078
0.000173203125,0.1311754412197266,-0.8635515958472842
0.000174453125,0.1264851583956551,-0.873723678300939
0.000175703125,0.1211248351681448,-0.8835566913394719
0.000176953125,0.116099532142354,-0.8937287737931267
0.000178203125,0.1117442695200019,-0.9015273703409286
0.000179453125,0.1060489260907723,-0.9110213139643397
0.000180703125,0.1000185624598232,-0.9198371187575071
0.000181953125,0.09499325943403236,-0.9276357153053091
0.000183203125,0.08996795640824151,-0.9357733812682328
0.000184453125,0.08494265338245063,-0.9428938389857912
0.000185703125,0.07958233015494037,-0.9500142967033495
0.000186953125,0.07355196652399135,-0.9564566155906641
0.000188203125,0.0678566230947617,-0.9632380038931005
0.000189453125,0.06316634027069024,-0.9693412533652934
0.000190703125,0.05780601704317999,-0.9751054334223644
0.000191953125,0.05211067361395035,-0.9801914746491918
0.000193203125,0.0464153301847207,-0.9852775158760192
0.000194453125,0.04105500695721045,-0.9896854182726028
0.000195703125,0.03569468372970019,-0.9940933206691865
0.000196953125,0.02932929989703177,-0.9974840148204048
0.000198203125,0.02396897666952152,-1.000874708971623
0.000199453125,0.01894367364373066,-1.004604472537963
0.000200703125,0.01324833021450102,-1.006638889028694
0.000201953125,0.007217966583551982,-1.008673305519425
0.000203203125,0.002527683759480512,-1.010707722010156
0.000204453125,-0.003502679871468522,-1.012403069085765
0.000205703125,-0.008863003098978774,-1.01342027733113
0.000206953125,-0.01489336672992781,-1.014437485576496
0.000208203125,-0.02025368995743806,-1.014776554991618
0.000209453125,-0.02561401318494831,-1.01511562440674
0.000210703125,-0.03130935661417796,-1.014776554991618
0.000211953125,-0.03666967984168821,-1.014776554991618
0.000213203125,-0.04270004347263724,-1.01342027733113
0.000214453125,-0.0480603667001475,-1.012063999670643
0.000215703125,-0.05308566972593835,-1.009351444349669
0.000216953125,-0.05911603335688739,-1.006977958443816
0.000218203125,-0.06481137678611704,-1.005282611368207
0.000219453125,-0.07050672021534668,-1.001891917216988
0.000220703125,-0.07486198283769877,-0.9985012230657703
0.000221953125,-0.08055732626692841,-0.9947714594994302
0.000223203125,-0.08625266969615805,-0.9903635571028465
0.000224453125,-0.09094295252022952,-0.9866337935365065
0.000225703125,-0.09663829594945916,-0.9812086828945573
0.000226953125,-0.10166359897525,-0.9768007804979736
0.000228203125,-0.1060188615976021,-0.9713756698560244
0.000229453125,-0.1117142050268317,-0.9656114897989534
0.000230703125,-0.1167395080526226,-0.9591691709116387
0.000231953125,-0.1220998312801329,-0.9523877826092022
0.000233203125,-0.1267901141042043,-0.9456063943067657
0.000234453125,-0.1311453767265564,-0.9381468671740856
0.000235703125,-0.1358356595506279,-0.9310264094565273
0.000236953125,-0.1405259423746993,-0.9228887434936035
0.000238203125,-0.1458862656022096,-0.914072938700436
0.000239453125,-0.1505765484262811,-0.9059352727375123
0.000240703125,-0.1549318110486331,-0.8957631902838575
0.000241953125,-0.1589520534692658,-0.8869473854906902
0.000243203125,-0.1633073160916179,-0.8777925112824009
0.000244453125,-0.1683326191174088,-0.8682985676589898
0.000245703125,-0.1726878817397609,-0.8577874157902133
0.000246953125,-0.1767081241603935,-0.846598125091193
0.000248203125,-0.1807283665810262,-0.8357479038072947
0.000249453125,-0.1840785685982201,-0.8252367519385182
0.000250703125,-0.189103871624011,-0.8137083918243762
0.000251953125,-0.1924540736412049,-0.8021800317102341
0.000253203125,-0.1961392958601182,-0.7892953939356048
0.000254453125,-0.1998245180790315,-0.7767498255760973
0.000255703125,-0.2038447604996642,-0.7648823960468335
0.000256953125,-0.2075299827185775,-0.7526758971024478
0.000258203125,-0.2108801847357714,-0.7394521899126967
0.000259453125,-0.2138953665512459,-0.7255503438927019
0.000260703125,-0.2179156089718786,-0.7106312896273416
0.000261953125,-0.2212658109890725,-0.6974075824375905
0.000263203125,-0.2239459726028276,-0.6831666670024739
0.000264453125,-0.2269611544183021,-0.6696038903976009
0.000265703125,-0.2303113564354961,-0.6543457667171189
0.000266953125,-0.2339965786544093,-0.6384095042063931
0.000268203125,-0.2363417200664451,-0.6234904499410329
0.000269453125,-0.2393569018819196,-0.6089104650907944
0.000270703125,-0.2423720836973941,-0.5936523414103123
0.000271953125,-0.2447172251094299,-0.5777160788995865
0.000273203125,-0.2477324069249044,-0.5621188858039826
0.000274453125,-0.2500775483369401,-0.5451654150478914
0.000275703125,-0.2530927301524147,-0.5288900831220439
0.000276953125,-0.2544328109592922,-0.5126147511961964
0.000278203125,-0.2574479927747667,-0.495661280440105
0.000279453125,-0.2597931341868025,-0.4787078096840138
0.000280703125,-0.2614682351953994,-0.4607371306825572
0.000281953125,-0.2638133766074351,-0.4431055210962223
0.000283203125,-0.2654884776160321,-0.4258129809250093
0.000284453125,-0.2671635786246291,-0.4085204407537963
0.000285703125,-0.2695087200366648,-0.3912279005825832
0.000286953125,-0.2711838210452618,-0.3729181521660047
0.000288203125,-0.2728589220538587,-0.3546084037494262
0.000289453125,-0.2741990028607363,-0.3366377247479695
0.000290703125,-0.2748690432641751,-0.3179889069162692
0.000291953125,-0.276544144272772,-0.3000182279148125
0.000293203125,-0.2788892856848078,-0.2823866183284777
0.000294453125,-0.2795593260882465,-0.2633987310816555
0.000295703125,-0.2802293664916853,-0.2437327050045898
0.000296953125,-0.2812344270968435,-0.2250838871728894
0.000298203125,-0.2815694472985629,-0.2064350693411891
0.000299453125,-0.282574507903721,-0.1874471820943669
0.000300703125,-0.2839145887105986,-0.1681202254324229
0.000301953125,-0.284249608912318,-0.148793268770479
0.000303203125,-0.2845846291140374,-0.1291272426934132
0.000304453125,-0.2849196493157568,-0.1101393554465911
0.000305703125,-0.2852546695174762,-0.0911514681997689
0.000306953125,-0.285924709920915,-0.07182451153782492
0.000308203125,-0.285924709920915,-0.05249755487588095
0.000309453125,-0.2862597301226343,-0.03249245938369332
0.000310703125,-0.2865947503243537,-0.01384364155199299
0.000311953125,-0.2849196493157568,0.005483315109950982
0.000313203125,-0.2852546695174762,0.02447120235677313
0.000314453125,-0.2849196493157568,0.04379815901871711
0.000315703125,-0.2839145887105986,0.0634641850957829
0.000316953125,-0.2839145887105986,0.08279114175772688
0.000318203125,-0.2829095281054405,0.101779029004549
0.000319453125,-0.2819044675002823,0.1207669162513712
0.000320703125,-0.2808994068951241,0.1400938729133152
0.000321953125,-0.2805643866934047,0.1594208295752592
0.000323203125,-0.2795593260882465,0.179086855652325
0.000324453125,-0.2775492048779302,0.1980747428991471
0.000325703125,-0.2762091240710526,0.2167235607308474
0.000326953125,-0.2741990028607363,0.2350333091474259
0.000328203125,-0.2725239018521393,0.2546993352244917
0.000329453125,-0.2711838210452618,0.273348153056192
0.000330703125,-0.270513780641823,0.2916579014727705
0.000331953125,-0.2681686392297872,0.3096285804742273
0.000333203125,-0.2651534574143127,0.3282773983059276
0.000334453125,-0.2624732958005576,0.3465871467225061
0.000335703125,-0.26113321499368,0.3648968951390846
0.000336953125,-0.2581180331782055,0.3828675741405412
0.000338203125,-0.2554378715644504,0.4011773225571197
0.000339453125,-0.2524226897489759,0.4184698627283328
0.000340703125,-0.2497425281352207,0.4357624028995458
0.000341953125,-0.2477324069249044,0.4530549430707588
0.000343203125,-0.2440471847059911,0.4706865526570937
0.000344453125,-0.241367023092236,0.4883181622434286
0.000345703125,-0.2373467806716033,0.5049325635843979
0.000346953125,-0.2343315988561288,0.5225641731707328
0.000348203125,-0.2306463766372155,0.5378222968512149
0.000349453125,-0.2269611544183021,0.5547757676073061
0.000350703125,-0.224280992804547,0.5707120301180317
0.000351953125,-0.2205957705856337,0.5866482926287575
0.000353203125,-0.2169105483667204,0.6025845551394833
0.000354453125,-0.2122202655426489,0.6175036094048435
0.000355703125,-0.2085350433237357,0.6334398719155693
0.000356953125,-0.2055198615082612,0.6476807873506858
0.000358203125,-0.2014996190876285,0.6629389110311679
0.000359453125,-0.1971443564652764,0.6775188958814063
0.000360703125,-0.1924540736412049,0.6920988807316448
0.000361953125,-0.1877637908171334,0.7060007267516396
0.000363203125,-0.1844135887999395,0.7192244339413907
0.000364453125,-0.1800583261775874,0.7331262799613855
0.000365703125,-0.1746980029500772,0.7473671953965021
0.000366953125,-0.1710127807311639,0.7599127637560096
0.000368203125,-0.1666575181088118,0.7724583321155171
0.000369453125,-0.1623022554864597,0.7839866922296591
0.000370703125,-0.1572769524606689,0.7968713300042884
0.000371953125,-0.1519166292331586,0.8087387595335523
0.000373203125,-0.1475613666108065,0.8202671196476943
0.000374453125,-0.1422010433832963,0.8311173409315927
0.000375703125,-0.1378457807609442,0.8423066316306129
0.000376953125,-0.132485457533434,0.8528177834993894
0.000378203125,-0.1277951747093625,0.8636680047832878
0.000379453125,-0.1227698716835716,0.8735010178218207
0.000380703125,-0.1174095484560614,0.8829949614452318
0.000381953125,-0.1130542858337093,0.8924889050686429
0.000383203125,-0.107693962606199,0.9006265710315666
0.000384453125,-0.1026686595804082,0.9094423758247341
0.000385703125,-0.09764335655461734,0.9179191112027797
0.000386953125,-0.09228303332710708,0.9260567771657034
0.000388203125,-0.0872577303013162,0.9331772348832618
0.000389453125,-0.08156238687208656,0.9406367620159419
0.000390703125,-0.07653708384629571,0.9477572197335001
0.000391953125,-0.07117676061878545,0.9548776774510584
0.000393203125,-0.0654814171895558,0.9606418575081295
0.000394453125,-0.06012109396204556,0.9657278987349569
0.000395703125,-0.05543081113797409,0.9711530093769061
0.000396953125,-0.05007048791046384,0.9769171894339771
0.000398203125,-0.04471016468295359,0.9813250918305608
0.000399453125,-0.03901482125372394,0.9864111330573881
0.000400703125,-0.03398951822793308,0.9901408966237282
0.000401953125,-0.02762413439526466,0.9928534519447028
0.000403203125,-0.02293385157119318,0.9972613543412865
0.000404453125,-0.01857858894884111,1.001330187322748
0.000405703125,-0.01221320511617268,1.003364603813479
0.000406953125,-0.005847821283504257,1.004720881473967
0.000408203125,-0.0001524778542746144,1.006077159134454
0.000409453125,0.004872825171516247,1.008789714455429
0.000410703125,0.01056816860074589,1.009806922700794
0.000411953125,0.01592849182825614,1.010824130946159
0.000413203125,0.02128881505576639,1.011502269776403
0.000414453125,0.02731917868671543,1.011163200361281
0.000415703125,0.03234448171250629,1.010145992115916
0.000416953125,0.03703476453657776,1.009467853285672
0.000418203125,0.0427301079658074,1.00912878387055
0.000419453125,0.04842545139503705,1.007772506210063
0.000420703125,0.05512585542942486,1.005738089719332
0.000421953125,0.06015115845521572,1.002686464983236
0.000423203125,0.06517646148100659,0.9999739096622611
0.000424453125,0.07020176450679744,0.9976004237564083
0.000425703125,0.07522706753258832,0.9948878684354338
0.000426953125,0.08159245136525672,0.9908190354539719
0.000428203125,0.08728779479448637,0.9864111330573881
0.000429453125,0.09197807761855784,0.980986022415439
0.000430703125,0.09633334024090992,0.9772562588490988
0.000431953125,0.1016936634684202,0.9725092870373934
0.000433203125,0.1070539866959304,0.9670841763954442
0.000434453125,0.1127493301251601,0.961659065753495
0.000435703125,0.1177746331509509,0.9548776774510584
0.000436953125,0.1224649159750224,0.9484353585637438
0.000438203125,0.1268201785973745,0.9409758314310637
0.000439453125,0.1325155220266041,0.9345335125437491
0.000440703125,0.137540825052395,0.9270739854110689
0.000441953125,0.1415610674730277,0.9179191112027797
0.000443203125,0.1469213907005379,0.9084251675793685
0.000444453125,0.15127665332289,0.9006265710315666
0.000445703125,0.1559669361469615,0.8928279744837647
0.000446953125,0.1603221987693136,0.8836731002754754
0.000448203125,0.165012481593385,0.8741791566520644
0.000449453125,0.1700377846191759,0.863328935368166
0.000450703125,0.1733879866363698,0.8524787140842676
0.000451953125,0.1774082290570025,0.8419675622154911
0.000453203125,0.1817634916793546,0.83247361859208
0.000454453125,0.186453774503426,0.8212843278930598
0.000455703125,0.1901389967223393,0.8090778289486741
0.000456953125,0.194159239142972,0.7968713300042884
0.000458203125,0.1981794815636047,0.784325761644781
0.000459453125,0.2011946633790792,0.7734755403608826
0.000460703125,0.2055499260014313,0.7605909025862533
0.000461953125,0.2099051886237834,0.7477062648116239
0.000463203125,0.2135904108426967,0.7338044187916292
0.000464453125,0.21727563306161,0.7195635033565125
0.000465703125,0.2199557946753651,0.7063397961667615
0.000466953125,0.2236410168942784,0.6927770195618884
0.000468203125,0.2269912189114723,0.6792142429570155
0.000469453125,0.2303414209286662,0.6642951886916553
0.000470703125,0.2336916229458601,0.6486979955960513
0.000471953125,0.2363717845596153,0.6334398719155693
0.000473203125,0.2393869663750898,0.6181817482350871
0.000474453125,0.2424021481905643,0.6039408327999706
0.000475703125,0.2460873704094776,0.5876655008741229
0.000476953125,0.2497725926283909,0.5717292383633972
0.000478203125,0.2521177340404266,0.5551148370224278
0.000479453125,0.252452754242146,0.5381613662663366
0.000480703125,0.2558029562593399,0.5222251037556109
0.000481953125,0.2581480976713756,0.5059497718297633
0.000483203125,0.2611632794868501,0.4886572316585504
0.000484453125,0.2641784613023247,0.4706865526570937
0.000485703125,0.2655185421092022,0.452715873655637
0.000486953125,0.2675286633195186,0.4361014723146676
0.000488203125,0.2692037643281155,0.4188089321434546
0.0004894531250000001,0.2718839259418707,0.4008382531419979
0.000490703125,0.273894047152187,0.3828675741405412
0.0004919531250000001,0.275569148160784,0.3638796868937191
0.000493203125,0.2762391885642227,0.3459090078922624
0.0004944531250000001,0.2779142895728197,0.3275992594756839
0.000495703125,0.2792543703796972,0.3092895110591054
0.000496953125,0.2809294713882942,0.2903016238122832
0.0004982031250000001,0.2822695521951717,0.2713137365654611
0.000499453125,0.2839446532037687,0.2519867799035171
0.0005007031250000001,0.2846146936072075,0.2333379620718168
0.000501953125,0.2856197542123657,0.2150282136552383
0.0005032031250000001,0.2862897946158044,0.1960403264084161
0.000504453125,0.2872948552209627,0.1760352309162285
0.0005057031250000001,0.2882999158261208,0.1563692048391627
0.000506953125,0.2882999158261208,0.1363641093469751
0.0005082031250000001,0.2889699562295596,0.1177152915152748
0.000509453125,0.2889699562295596,0.09940554309869626
0.0005107031250000001,0.2899750168347178,0.07906137819138681
0.000511953125,0.2903100370364372,0.05939535211432102
0.0005132031250000001,0.2899750168347178,0.03972932603725522
0.000514453125,0.2909800774398759,0.01972423054506759
0.0005157031250000001,0.2899750168347178,0.001075412713367269
0.0005169531250000001,0.289304976431279,-0.01825154394857671
0.000518203125,0.2886349360278402,-0.03791757002564251
0.0005194531250000001,0.2889699562295596,-0.05826173493295195
0.000520703125,0.2886349360278402,-0.07758869159489593
0.0005219531250000001,0.2872948552209627,-0.0969156482568399
0.000523203125,0.2872948552209627,-0.1155644660885402
0.0005244531250000001,0.2862897946158044,-0.135230492165606
0.000525703125,0.2852847340106463,-0.1552355876577937
0.0005269531250000001,0.2839446532037687,-0.1752406831499813
0.000528203125,0.2822695521951717,-0.1942285703968034
0.0005294531250000001,0.2805944511865748,-0.2132164576436256
0.000530703125,0.2792543703796972,-0.2318652754753259
0.0005319531250000001,0.2779142895728197,-0.2515313015523917
0.000533203125,0.2762391885642227,-0.270180119384092
0.0005344531250000001,0.273894047152187,-0.2891680066309142
0.000535703125,0.2715489057401513,-0.3084949632928581
0.0005369531250000001,0.2698738047315543,-0.326126572879193
0.0005382031250000001,0.267863683521238,-0.3440972518806497
0.000539453125,0.2655185421092022,-0.3634242085425937
0.0005407031250000001,0.2628383804954471,-0.382073026374294
0.000541953125,0.2598231986799726,-0.4003827747908725
0.0005432031250000001,0.2568080168644981,-0.4176753149620855
0.000544453125,0.2541278552507429,-0.4366632022089076
0.0005457031250000001,0.2511126734352684,-0.4536166729649989
0.000546953125,0.2484325118215133,-0.4709092131362119
0.0005482031250000001,0.2454173300060388,-0.4882017533074249
0.000549453125,0.2424021481905643,-0.5058333628937598
0.0005507031250000001,0.2383819057699316,-0.522786833649851
0.000551953125,0.2363717845596153,-0.5390621655756986
0.0005532031250000001,0.2320165219372632,-0.555676566916668
0.000554453125,0.2276612593149111,-0.5719518988425155
0.0005557031250000001,0.223305996692559,-0.5885663001834849
0.000556953125,0.2199557946753651,-0.6048416321093325
0.0005582031250000001,0.2166055926581712,-0.6194216169595709
0.0005594531250000001,0.2125853502375385,-0.6353578794702966
0.000560703125,0.2085651078169058,-0.6509550725659006
0.0005619531250000001,0.2048798855979925,-0.6651959880010172
0.000563203125,0.1998545825722017,-0.6804541116814993
0.0005644531250000001,0.195834340151569,-0.6957122353619813
0.000565703125,0.1911440573274975,-0.7092750119668543
0.0005669531250000001,0.1867887947051454,-0.7235159274019709
0.000568203125,0.182098511881074,-0.7367396345917221
0.0005694531250000001,0.1777432492587219,-0.7509805500268387
0.000570703125,0.1733879866363698,-0.7638651878014679
0.0005719531250000001,0.1686977038122983,-0.7764107561609755
0.000573203125,0.1640074209882269,-0.7886172551053612
0.0005744531250000001,0.158982117962436,-0.8008237540497468
0.000575703125,0.1546268553400839,-0.8130302529941325
0.0005769531250000001,0.1499365725160124,-0.8245586131082745
0.000578203125,0.1439062088850634,-0.8357479038072947
0.000579453125,0.1395509462627113,-0.8462590556760713
0.0005807031250000001,0.1345256432369205,-0.8571092769599696
0.000581953125,0.1295003402111296,-0.867959498243868
0.0005832031250000001,0.1244750371853388,-0.8781315806975227
0.000584453125,0.1194497341595479,-0.8876255243209338
0.0005857031250000001,0.1137543907303182,-0.8971194679443448
0.000586953125,0.1087290877045274,-0.9059352727375123
0.0005882031250000001,0.1026987240735784,-0.9150901469458016
0.000589453125,0.09834346145122627,-0.9239059517389689
0.0005907031250000001,0.09331815842543539,-0.9310264094565273
0.000591953125,0.08728779479448637,-0.9388250060043293
0.0005932031250000001,0.08125743116353734,-0.9462845331370093
0.000594453125,0.07589710793602708,-0.9534049908545676
0.0005957031250000001,0.071541845313675,-0.9595082403267605
0.000596953125,0.06618152208616476,-0.9659505592140751
0.0005982031250000001,0.06048617865693511,-0.9717147392711462
0.0005994531250000001,0.05479083522770547,-0.9768007804979736
0.000600703125,0.04909549179847583,-0.9815477523096791
0.0006019531250000001,0.04373516857096558,-0.9869728629516282
0.000603203125,0.03837484534345532,-0.9910416959330902
0.0006044531250000001,0.03301452211594507,-0.9954495983296738
0.000605703125,0.02731917868671543,-0.999179361896014
0.0006069531250000001,0.02128881505576639,-1.001891917216988
0.000608203125,0.01592849182825614,-1.004943541953085
0.0006094531250000001,0.01090318880246528,-1.00765609727406
0.000610703125,0.004872825171516247,-1.010029583179912
0.0006119531250000001,-0.0008225182577133959,-1.012063999670643
0.000613203125,-0.00685288188866243,-1.013081207916009
0.0006144531250000001,-0.0115431647127339,-1.013759346746252
0.000615703125,-0.01723850814196354,-1.014437485576496
0.0006169531250000001,-0.02293385157119318,-1.014776554991618
0.000618203125,-0.02862919500042283,-1.014437485576496
0.0006194531250000001,-0.03432453842965247,-1.014437485576496
0.0006207031250000001,-0.03968486165716272,-1.01342027733113
0.000621953125,-0.04571522528811175,-1.012403069085765
0.0006232031250000001,-0.05107554851562201,-1.011046791425278
0.000624453125,-0.05610085154141287,-1.009012374934547
0.0006257031250000001,-0.06112615456720373,-1.006638889028694
0.000626953125,-0.06682149799643339,-1.00392633370772
0.0006282031250000001,-0.07218182122394362,-0.9998575007262576
0.000629453125,-0.07754214445145388,-0.9968058759901611
0.0006307031250000001,-0.08390752828412229,-0.993415181838943
0.000631953125,-0.08859781110819379,-0.9896854182726028
0.0006332031250000001,-0.09362311413398464,-0.9852775158760192
0.000634453125,-0.09931845756321428,-0.9795133358189482
0.0006357031250000001,-0.1036737201855664,-0.9737491557618771
0.000636953125,-0.109369063614796,-0.968324045119928
0.0006382031250000001,-0.1140593464388675,-0.962559865062857
0.000639453125,-0.1187496292629389,-0.9564566155906641
0.0006407031250000001,-0.1241099524904492,-0.9493361578731058
0.0006419531250000001,-0.1288002353145206,-0.9418766307404257
0.000643203125,-0.1334905181385921,-0.9344171036077455
0.0006444531250000001,-0.138515821164383,-0.9266185070599435
0.000645703125,-0.1428710837867351,-0.9188199105121416
0.0006469531250000001,-0.1478963868125259,-0.9110213139643397
0.000648203125,-0.152251649434878,-0.9022055091711723
0.0006494531250000001,-0.1569419322589495,-0.8920334267175175
0.000650703125,-0.1616322150830209,-0.8828785525092283
0.0006519531250000001,-0.1663224979070924,-0.8733846088858171
0.000653203125,-0.1693376797225669,-0.8635515958472842
0.0006544531250000001,-0.1743629827483578,-0.8537185828087513
0.000655703125,-0.1787182453707099,-0.8418511532794876
0.0006569531250000001,-0.183073507993062,-0.831340001410711
0.000658203125,-0.1864237100102559,-0.8194725718814472
0.0006594531250000001,-0.1904439524308885,-0.8079442117673051
0.000660703125,-0.1937941544480825,-0.7964158516531631
0.0006619531250000001,-0.1978143968687152,-0.7838702832936556
0.0006632031250000001,-0.2025046796927866,-0.7706465761039045
0.000664453125,-0.2058548817099805,-0.7577619383292752
0.0006657031250000001,-0.2085350433237357,-0.7458945088000113
0.000666953125,-0.2122202655426489,-0.7323317321951384
0.0006682031250000001,-0.2169105483667204,-0.7191080250053872
0.000669453125,-0.2205957705856337,-0.7052061789853924
0.0006707031250000001,-0.2222708715942307,-0.6909652635502758
0.000671953125,-0.2252860534097052,-0.6767243481151592
0.0006732031250000001,-0.2283012352251797,-0.6624834326800426
0.000674453125,-0.2313164170406542,-0.6472253089995605
0.0006757031250000001,-0.2350016392595675,-0.6323062547342002
0.000676953125,-0.2376818008733227,-0.6167090616385963
0.0006782031250000001,-0.2410320028905166,-0.6011118685429924
0.000679453125,-0.2430421241008329,-0.5858537448625103
0.0006807031250000001,-0.2460573059163074,-0.5702565517669064
0.0006819531250000001,-0.2484024473283432,-0.5539812198410589
0.000683203125,-0.2510826089420983,-0.5377058879152113
0.0006844531250000001,-0.2534277503541341,-0.521091486574242
0.000685703125,-0.2554378715644504,-0.5044770852332725
0.0006869531250000001,-0.2581180331782055,-0.4875236144771813
0.000688203125,-0.2601281543885219,-0.4709092131362119
0.0006894531250000001,-0.262808316002277,-0.4529385341347552
0.000690703125,-0.2651534574143127,-0.4356459939635422
0.0006919531250000001,-0.2668285584229097,-0.4176753149620855
0.000693203125,-0.2681686392297872,-0.4003827747908725
0.0006944531250000001,-0.2701787604401036,-0.3830902346196595
0.000695703125,-0.2715188412469812,-0.364780486203081
0.0006969531250000001,-0.2731939422555781,-0.3464707377865024
0.000698203125,-0.2745340230624557,-0.3274828505396803
0.0006994531250000001,-0.2758741038693333,-0.3095121715382236
0.000700703125,-0.2768791644744914,-0.2912024231216451
0.0007019531250000001,-0.2785542654830884,-0.2725536052899448
0.0007032031250000001,-0.2792243058865271,-0.2535657180431226
0.000704453125,-0.2805643866934047,-0.2345778307963005
0.0007057031250000001,-0.2822394877020016,-0.2155899435494784
0.000706953125,-0.2835795685088792,-0.1972801951328998
0.0007082031250000001,-0.2839145887105986,-0.1779532384709558
0.000709453125,-0.2832445483071598,-0.1589653512241337
0.0007107031250000001,-0.284249608912318,-0.1399774639773116
0.000711953125,-0.2849196493157568,-0.1203114379002458
0.0007132031250000001,-0.2852546695174762,-0.1013235506534236
0.000714453125,-0.2852546695174762,-0.08233566340660146
0.0007157031250000001,-0.2855896897191956,-0.06300870674465749
0.000716953125,-0.285924709920915,-0.04334268066759169
0.0007182031250000001,-0.285924709920915,-0.02435479342076954
0.000719453125,-0.2855896897191956,-0.005027836758825566
0.0007207031250000001,-0.285924709920915,0.01463818931824023
0.000721953125,-0.2852546695174762,0.03362607656506238
0.0007232031250000001,-0.284249608912318,0.05363117205725001
0.0007244531250000001,-0.2835795685088792,0.07261905930407216
0.000725703125,-0.2829095281054405,0.09160694655089431
0.0007269531250000001,-0.2822394877020016,0.1112729726279601
0.000728203125,-0.2815694472985629,0.1302608598747823
0.0007294531250000001,-0.2805643866934047,0.1499268859518481
0.000730703125,-0.2792243058865271,0.1689147731986702
0.0007319531250000001,-0.2785542654830884,0.1872245216152487
0.000733203125,-0.2768791644744914,0.2065514782771927
0.0007344531250000001,-0.2758741038693333,0.2255393655240148
0.000735703125,-0.2741990028607363,0.2438491139405933
0.0007369531250000001,-0.2725239018521393,0.2628370011874155
0.000738203125,-0.2711838210452618,0.2814858190191158
0.0007394531250000001,-0.2685036594315066,0.2994564980205725
0.000740703125,-0.2661585180194709,0.3181053158522729
0.0007419531250000001,-0.2634783564057158,0.337093203099095
0.000743203125,-0.2621382755988382,0.3557420209307953
0.0007444531250000001,-0.2601281543885219,0.373712699932252
0.0007457031250000001,-0.2577830129764861,0.391005240103465
0.000746953125,-0.2547678311610116,0.4086368496897999
0.0007482031250000001,-0.2514176291438177,0.4272856675215002
0.000749453125,-0.2490724877317819,0.4445782076927132
0.0007507031250000001,-0.2460573059163074,0.4622098172790481
0.000751953125,-0.2433771443025523,0.4791632880351393
0.0007532031250000001,-0.2400269422853584,0.4964558282063523
0.000754453125,-0.2363417200664451,0.5130702295473216
0.0007557031250000001,-0.23366155845269,0.529684630888291
0.000756953125,-0.2303113564354961,0.5456208933990168
0.0007582031250000001,-0.2266261342165828,0.562574364155108
0.000759453125,-0.2226058917959501,0.57783248783559
0.0007607031250000001,-0.2185856493753174,0.5937687503463158
0.000761953125,-0.2152354473581235,0.6100440822721633
0.0007632031250000001,-0.2108801847357714,0.6249631365375237
0.0007644531250000001,-0.2075299827185775,0.6408993990482493
0.000765703125,-0.202839699894506,0.6548012450682441
0.0007669531250000001,-0.1988194574738733,0.6700593687487262
0.000768203125,-0.1947992150532406,0.6846393535989647
0.0007694531250000001,-0.1911139928343273,0.6988802690340813
0.000770703125,-0.1867587302119753,0.7124430456389542
0.0007719531250000001,-0.1824034675896232,0.726344891658949
0.000773203125,-0.1780482049672711,0.7395685988487002
0.0007744531250000001,-0.173692942344919,0.7521141672082077
0.000775703125,-0.1686676393191281,0.7653378743979588
0.0007769531250000001,-0.1646473968984955,0.7778834427574663
0.000778203125,-0.159957114074424,0.7897508722867301
0.0007794531250000001,-0.153926750443475,0.8026355100613595
0.000780703125,-0.1499065080228423,0.8145029395906233
0.0007819531250000001,-0.1455512454004902,0.8256922302896434
0.000783203125,-0.1411959827781381,0.8368815209886636
0.0007844531250000001,-0.1358356595506279,0.8470536034423184
0.0007857031250000001,-0.130810356524837,0.8579038247262168
0.000786953125,-0.1257850534990461,0.8680759071798715
0.0007882031250000001,-0.1207597504732553,0.8779089202184044
0.000789453125,-0.1150644070440257,0.8874028638418154
0.0007907031250000001,-0.1107091444216736,0.8962186686349829
0.000791953125,-0.1056838413958827,0.9053735428432722
0.0007932031250000001,-0.1003235181683725,0.9141893476364396
0.000794453125,-0.09563323534430099,0.9219879441842416
0.0007957031250000001,-0.09027291211679073,0.9297865407320435
0.000796953125,-0.08524760909099988,0.9365679290344799
0.0007982031250000001,-0.07955226566177023,0.9436883867520383
0.000799453125,-0.07419194243425997,0.9508088444695966
0.0008007031250000001,-0.06883161920674971,0.9569120939417894
0.000801953125,-0.06347129597923948,0.9630153434139823
0.0008032031250000001,-0.05911603335688739,0.9687795234710532
0.000804453125,-0.05241562932249957,0.9745437035281242
0.0008057031250000001,-0.04739032629670871,0.9786125365095861
0.0008069531250000001,-0.04169498286747907,0.9836985777364136
0.000808203125,-0.03599963943824942,0.9877674107178754
0.0008094531250000001,-0.03130935661417796,0.9921753131144592
0.000810703125,-0.02561401318494831,0.9955660072656773
0.0008119531250000001,-0.01991866975571867,0.9989567014168956
0.000813203125,-0.01455834652820842,1.001330187322748
0.0008144531250000001,-0.009868063704136947,1.003703673228601
0.000815703125,-0.004842760678346085,1.006077159134454
0.0008169531250000001,0.00185764335604173,1.007772506210063
0.000818203125,0.008223027188710154,1.009467853285672
0.0008194531250000001,0.01257828981106223,1.010485061531038
0.000820703125,0.01693355243341432,1.010485061531038
0.0008219531250000001,0.02329893626608274,1.010824130946159
0.000823203125,0.02966432009875116,1.011502269776403
0.0008244531250000001,0.03435460292282264,1.010485061531038
0.000825703125,0.04038496655377167,1.009467853285672
0.0008269531250000001,0.04608030998300131,1.008450645040307
0.0008282031250000001,0.05177565341223096,1.007094367379819
0.000829453125,0.0571359766397412,1.004381812058845
0.0008307031250000001,0.06182625946381268,1.002008326152992
0.000831953125,0.06752160289304232,0.9996348402471392
0.0008332031250000001,0.07288192612055258,0.996244146095921
0.000834453125,0.07857726954978222,0.992514382529581
0.0008357031250000001,0.08393759277729246,0.988445549548119
0.000836953125,0.08896289580308334,0.9843767165666572
0.0008382031250000001,0.09398819882887419,0.9799688141700734
0.000839453125,0.09934852205638445,0.975221842358368
0.0008407031250000001,0.1047088452838947,0.9697967317164188
0.000841953125,0.1097341483096856,0.9640325516593478
0.0008432031250000001,0.114424431133757,0.9582683716022767
0.000844453125,0.1197847543612673,0.9521651221300839
0.0008457031250000001,0.1248100573870581,0.9457228032427692
0.000846953125,0.129835360412849,0.9379242066949672
0.000848203125,0.1348606634386399,0.9304646795622872
0.0008494531250000001,0.139215926060992,0.9226660830144852
0.000850703125,0.1439062088850634,0.9145284170515614
0.0008519531250000001,0.1485964917091349,0.9063907510886376
0.000853203125,0.1526167341297676,0.897914015710592
0.0008544531250000001,0.1586470977607166,0.8880810026720591
0.000855703125,0.1630023603830687,0.8785870590486481
0.0008569531250000001,0.1660175421985432,0.869093115425237
0.000858203125,0.1703728048208953,0.8585819635564604
0.0008594531250000001,0.1753981078466862,0.8477317422725621
0.000860703125,0.1800883906707576,0.838237798649151
0.0008619531250000001,0.1841086330913903,0.826709438535009
0.000863203125,0.1877938553103036,0.8155201478359888
0.0008644531250000001,0.1921491179326557,0.8036527183067249
0.000865703125,0.1961693603532884,0.7917852887774611
0.0008669531250000001,0.2005246229756404,0.7799178592481972
0.0008682031250000001,0.2038748249928344,0.7673722908886897
0.000869453125,0.2075600472117477,0.7538095142838168
0.0008707031250000001,0.211245269430661,0.7412639459243093
0.000871953125,0.2152655118512936,0.72837930814968
0.0008732031250000001,0.2182806936667682,0.714816531544807
0.000874453125,0.2216308956839621,0.7005756161096904
0.0008757031250000001,0.2256511381045948,0.685995631259452
0.000876953125,0.2279962795166305,0.6717547158243353
0.0008782031250000001,0.2316815017355438,0.657174730974097
0.000879453125,0.2353667239544571,0.641577537878493
0.0008807031250000001,0.2380468855682122,0.6266584836131327
0.000881953125,0.2413970875854061,0.6114003599326506
0.0008832031250000001,0.2440772491991613,0.5958031668370467
0.000884453125,0.2467574108129164,0.5805450431565646
0.0008857031250000001,0.2494375724266715,0.5639306418155953
0.000886953125,0.2521177340404266,0.5476553098897478
0.0008882031250000001,0.2544628754524623,0.5310409085487783
0.0008894531250000001,0.2571430370662174,0.5151046460380526
0.000890703125,0.2594881784782532,0.4967948976214742
0.0008919531250000001,0.2631734006971665,0.4808586351107484
0.000893203125,0.2645134815040441,0.4632270255244136
0.0008944531250000001,0.2651835219074828,0.4462735547683224
0.000895703125,0.2675286633195186,0.4289810145971094
0.0008969531250000001,0.2702088249332737,0.4110103355956526
0.000898203125,0.2725539663453094,0.3923615177639523
0.0008994531250000001,0.2745640875556258,0.3733736305171302
0.000900703125,0.275569148160784,0.3557420209307953
0.0009019531250000001,0.2769092289676615,0.3377713419293387
0.000903203125,0.2792543703796972,0.3194615935127602
0.0009044531250000001,0.2809294713882942,0.300473706265938
0.000905703125,0.2819345319934524,0.2808076801888722
0.0009069531250000001,0.2829395925986106,0.2624979317722937
0.000908203125,0.2836096330020493,0.2438491139405933
0.0009094531250000001,0.2846146936072075,0.2255393655240148
0.0009107031250000001,0.2859547744140851,0.2055342700318272
0.000911953125,0.2869598350192433,0.1865463827850051
0.0009132031250000001,0.2879648956244014,0.1672194261230611
0.000914453125,0.2886349360278402,0.148231538876239
0.0009157031250000001,0.2886349360278402,0.1285655127991732
0.000916953125,0.2899750168347178,0.109577625552351
0.0009182031250000001,0.2896399966329984,0.08991159947528519
0.000919453125,0.2899750168347178,0.06956743456797575
0.0009207031250000001,0.289304976431279,0.04990140849090995
0.000921953125,0.2899750168347178,0.03023538241384414
0.0009232031250000001,0.2899750168347178,0.01192563399726564
0.000924453125,0.2903100370364372,-0.008418530910043806
0.0009257031250000001,0.2899750168347178,-0.02842362640223143
0.000926953125,0.2896399966329984,-0.04741151364905358
0.0009282031250000001,0.2886349360278402,-0.06809474797148485
0.000929453125,0.2882999158261208,-0.08640449638806336
0.0009307031250000001,0.2872948552209627,-0.1050533142197637
0.0009319531250000001,0.2862897946158044,-0.1250584097119513
0.000933203125,0.2852847340106463,-0.1450635052041389
0.0009344531250000001,0.2846146936072075,-0.1637123230358393
0.000935703125,0.2829395925986106,-0.1830392796977832
0.0009369531250000001,0.2812644915900136,-0.2023662363597272
0.000938203125,0.2802594309848555,-0.2216931930216712
0.0009394531250000001,0.2785843299762585,-0.2416982885138588
0.000940703125,0.2769092289676615,-0.2610252451758028
0.0009419531250000001,0.2745640875556258,-0.2796740630075031
0.000943203125,0.27221894614359,-0.2979838114240816
0.0009444531250000001,0.2705438451349931,-0.3159544904255382
0.000945703125,0.2688687441263962,-0.3346033082572386
0.0009469531250000001,0.2665236027143604,-0.3539302649191826
0.000948203125,0.2635084208988859,-0.3722400133357611
0.0009494531250000001,0.2608282592851308,-0.3905497617523396
0.0009507031250000001,0.258483117873095,-0.4081813713386744
0.000951953125,0.2558029562593399,-0.4251348420947657
0.0009532031250000001,0.2531227946455848,-0.443783659926466
0.000954453125,0.2504426330318297,-0.4617543389279227
0.0009557031250000001,0.2474274512163552,-0.4790468790991357
0.000956953125,0.2437422289974419,-0.4966784886854705
0.0009582031250000001,0.2397219865768092,-0.5126147511961964
0.000959453125,0.237041824963054,-0.5299072913674093
0.0009607031250000001,0.2333566027441407,-0.5471998315386224
0.000961953125,0.2300064007269468,-0.5641533022947136
0.0009632031250000001,0.2253161179028754,-0.5800895648054393
0.000964453125,0.2216308956839621,-0.596025827316165
0.0009657031250000001,0.2179456734650488,-0.6119620898268908
0.000966953125,0.2142604512461355,-0.626881144092251
0.0009682031250000001,0.2105752290272222,-0.642478337187855
0.000969453125,0.2062199664048701,-0.657736460868337
0.0009707031250000001,0.2015296835807986,-0.673333653963941
0.0009719531250000001,0.1971744209584466,-0.6868964305688139
0.000973203125,0.194159239142972,-0.7014764154190524
0.0009744531250000001,0.1894689563189006,-0.7160564002692908
0.000975703125,0.1851136936965485,-0.7296191768741638
0.000976953125,0.1797533704690382,-0.7438600923092804
0.0009782031250000001,0.1753981078466862,-0.756066591253666
0.0009794531250000001,0.1707078250226147,-0.7686121596131735
0.000980703125,0.1660175421985432,-0.7825140056331683
0.000981953125,0.1613272593744717,-0.7950595739926758
0.0009832031250000001,0.1559669361469615,-0.8072660729370615
0.0009844531250000001,0.15127665332289,-0.8187944330512035
0.000985703125,0.1465863704988185,-0.8299837237502237
0.000986953125,0.1418960876747471,-0.8415120838643657
0.0009882031250000001,0.137540825052395,-0.8520232357331423
0.0009894531250000001,0.131510461421446,-0.8628734570170407
0.000990703125,0.1268201785973745,-0.873723678300939
0.000991953125,0.1214598553698642,-0.8828785525092283
0.0009932031249999999,0.116099532142354,-0.8916943573023957
0.0009944531250000001,0.1117442695200019,-0.900849231510685
0.0009957031250000001,0.1060489260907723,-0.910343175134096
0.000996953125,0.1010236230649814,-0.9191589799272635
0.000998203125,0.09532827963575174,-0.9272966458901872
0.0009994531250000001,0.08996795640824151,-0.9347561730228674
0.001000703125,0.08427261297901187,-0.9415375613253039
0.001001953125,0.07958233015494037,-0.9493361578731058
0.001003203125,0.07422200692743014,-0.9564566155906641
0.001004453125,0.06886168369991988,-0.9632380038931005
0.001005703125,0.06283132006897085,-0.9690021839501716
0.001006953125,0.0571359766397412,-0.9737491557618771
0.001008203125,0.05144063321051156,-0.9795133358189482
0.001009453125,0.04675035038644009,-0.9845993770457755
0.001010703125,0.04139002715892984,-0.9896854182726028
0.001011953125,0.03569468372970019,-0.9940933206691865
0.001013203125,0.02999934030047055,-0.9974840148204048
0.001014453125,0.02396897666952152,-1.000535639556501
0.001015703125,0.01927869384545005,-1.00392633370772
0.001016953125,0.01358335041622041,-1.006977958443816
0.001018203125,0.007552986785271373,-1.00969051376479
0.001019453125,0.002527683759480512,-1.0113858608404
0.001020703125,-0.003502679871468522,-1.012403069085765
0.001021953125,-0.008863003098978774,-1.01342027733113
0.001023203125,-0.01455834652820842,-1.014776554991618
0.001024453125,-0.01991866975571867,-1.015793763236983
0.001025703125,-0.02561401318494831,-1.015454693821862
0.001026953125,-0.03164437681589734,-1.014776554991618
0.001028203125,-0.03733972024512699,-1.013759346746252
0.001029453125,-0.04169498286747907,-1.013081207916009
0.001030703125,-0.04739032629670871,-1.012063999670643
0.001031953125,-0.05275064952421896,-1.010368652595034
0.001033203125,-0.05911603335688739,-1.008334236104303
0.001034453125,-0.06447635658439763,-1.005282611368207
0.001035703125,-0.06983667981190789,-1.001891917216988
0.001036953125,-0.07519700303941815,-0.999179361896014
0.001038203125,-0.08055732626692841,-0.9954495983296738
0.001039453125,-0.08591764949443864,-0.9917198347633338
0.001040703125,-0.09094295252022952,-0.9869728629516282
0.001041953125,-0.09663829594945916,-0.9822258911399228
0.001043203125,-0.1006585383700918,-0.9768007804979736
0.001044453125,-0.1063538817993215,-0.9713756698560244
0.001045703125,-0.1130542858337093,-0.9656114897989534
0.001046953125,-0.1167395080526226,-0.9601863791570042
0.001048203125,-0.1217648110784135,-0.9534049908545676
0.001049453125,-0.1267901141042043,-0.9466236025521312
0.001050703125,-0.130810356524837,-0.939164075419451
0.001051953125,-0.1361706797523473,-0.931704548286771
0.001053203125,-0.1401909221729799,-0.9239059517389689
0.001054453125,-0.1452162251987708,-0.9154292163609233
0.001055703125,-0.1505765484262811,-0.9062743421526341
0.001056953125,-0.1542617706451944,-0.8971194679443448
0.001058203125,-0.1586170332675464,-0.8872864549058119
0.001059453125,-0.1629722958898985,-0.8784706501126446
0.001060703125,-0.1673275585122506,-0.8689767064892335
0.001061953125,-0.1723528615380415,-0.8584655546204569
0.001063203125,-0.1767081241603935,-0.8469371945063149
0.001064453125,-0.1800583261775874,-0.8364260426375384
0.001065703125,-0.1840785685982201,-0.8252367519385182
0.001066953125,-0.1884338312205722,-0.8143865306546197
0.001068203125,-0.1927890938429243,-0.8028581705404778
0.001069453125,-0.196809336263557,-0.7903126021809703
0.001070703125,-0.1998245180790315,-0.7777670338214628
0.001071953125,-0.2031747200962254,-0.7652214654619552
0.001073203125,-0.2065249221134193,-0.7530149665175696
0.001074453125,-0.2102101443323326,-0.7404693981580621
0.001075703125,-0.2145654069546847,-0.7262284827229455
0.001076953125,-0.2175805887701592,-0.7123266367029507
0.001078203125,-0.2209307907873531,-0.6980857212678341
0.001079453125,-0.224280992804547,-0.6841838752478393
0.001080703125,-0.225956093813144,-0.6706210986429664
0.001081953125,-0.2296413160320573,-0.6560411137927279
0.001083203125,-0.2346666190578481,-0.640443920697124
0.001084453125,-0.2373467806716033,-0.6255248664317637
0.001085703125,-0.2390218816802002,-0.609588603921038
0.001086953125,-0.241367023092236,-0.5946695496556778
0.001088203125,-0.2443822049077105,-0.5790723565600738
0.001089453125,-0.2470623665214656,-0.5627970246342263
0.001090703125,-0.2504125685386595,-0.546182623293257
0.001091953125,-0.2530927301524147,-0.5292291525371657
0.001093203125,-0.2544328109592922,-0.5129538206113181
0.001094453125,-0.2571129725730473,-0.4970175581005923
0.001095703125,-0.2594581139850831,-0.4797250179293793
0.001096953125,-0.2621382755988382,-0.4624324777581663
0.001098203125,-0.2638133766074351,-0.4448008681718315
0.001099453125,-0.2654884776160321,-0.4268301891703747
0.001100703125,-0.2671635786246291,-0.4102157878294054
0.001101953125,-0.2695087200366648,-0.3932623170733142
0.001103203125,-0.2711838210452618,-0.3749525686567357
0.001104453125,-0.2728589220538587,-0.3563037508250353
0.001105703125,-0.2738639826590169,-0.337654932993335
0.001106953125,-0.2748690432641751,-0.3190061151616347
0.001108203125,-0.2758741038693333,-0.3017135749904217
0.001109453125,-0.2775492048779302,-0.2830647571587213
0.001110703125,-0.2792243058865271,-0.264415939327021
0.001111953125,-0.2805643866934047,-0.2450889826650771
0.001113203125,-0.2815694472985629,-0.2261010954182549
0.001114453125,-0.2822394877020016,-0.2077913470016764
0.001115703125,-0.282574507903721,-0.1894815985850979
0.001116953125,-0.2839145887105986,-0.1698155725080321
0.001118203125,-0.284249608912318,-0.1504886158460881
0.001119453125,-0.2849196493157568,-0.1308225897690223
0.001120703125,-0.2852546695174762,-0.1104784248617129
0.001121953125,-0.285924709920915,-0.09284681527537801
0.001123203125,-0.2865947503243537,-0.07385892802855586
0.001124453125,-0.285924709920915,-0.05453197136661189
0.001125703125,-0.2862597301226343,-0.03418780645930244
0.001126953125,-0.2862597301226343,-0.01486084979735846
0.001128203125,-0.2855896897191956,0.004805176279707334
0.001129453125,-0.2852546695174762,0.02311492469628584
0.001130703125,-0.2849196493157568,0.04210281194310798
0.001131953125,-0.2855896897191956,0.06210790743529561
0.001133203125,-0.284249608912318,0.08177393351236141
0.001134453125,-0.2829095281054405,0.1007618207591836
0.001135703125,-0.2819044675002823,0.1194106385908839
0.001136953125,-0.2808994068951241,0.1380594564225842
0.001138203125,-0.2812344270968435,0.15772548249965
0.001139453125,-0.2798943462899659,0.177052439161594
0.001140703125,-0.278219245281369,0.1967184652386598
0.001141953125,-0.276544144272772,0.2157063524854819
0.001143203125,-0.2745340230624557,0.2336770314869386
0.001144453125,-0.2731939422555781,0.2530039881488826
0.001145703125,-0.2718538614487006,0.2713137365654611
0.001146953125,-0.2701787604401036,0.2903016238122832
0.001148203125,-0.2674985988263485,0.3089504416439836
0.001149453125,-0.2651534574143127,0.3269211206454403
0.001150703125,-0.2631433362039964,0.3445527302317751
0.001151953125,-0.26113321499368,0.3628624786483536
0.001153203125,-0.2584530533799249,0.3818503658951758
0.001154453125,-0.2564429321696086,0.3998210448966324
0.001155703125,-0.2524226897489759,0.4174526544829673
0.001156953125,-0.2494075079335013,0.4347451946541803
0.001158203125,-0.2480674271266238,0.4520377348253934
0.001159453125,-0.2453872655128686,0.4686521361663628
0.001160703125,-0.2427071038991135,0.4869618845829413
0.001161953125,-0.2383518412767614,0.5042544247541543
0.001163203125,-0.2343315988561288,0.5208688260951236
0.001164453125,-0.2313164170406542,0.5371441580209712
0.001165703125,-0.2283012352251797,0.5534194899468188
0.001166953125,-0.2249510332079858,0.5703729607029099
0.001168203125,-0.2212658109890725,0.5863092232136357
0.001169453125,-0.2175805887701592,0.6022454857243614
0.001170703125,-0.2128903059460877,0.6168254705745998
0.001171953125,-0.2098751241306132,0.6314054554248383
0.001173203125,-0.2058548817099805,0.6470026485204422
0.001174453125,-0.2018346392893478,0.6625998416160461
0.001175703125,-0.1974793766669958,0.6771798264662845
0.001176953125,-0.1931241140446437,0.6907426030711575
0.001178203125,-0.1884338312205722,0.7046444490911523
0.001179453125,-0.1850836292033783,0.7185462951111471
0.001180703125,-0.1803933463793068,0.73210907171602
0.001181953125,-0.1763731039586741,0.7460109177360148
0.001183203125,-0.1716828211346027,0.759234624925766
0.001184453125,-0.1663224979070924,0.7717801932852735
0.001185703125,-0.1619672352847404,0.7836476228145373
0.001186953125,-0.1579469928641077,0.7955150523438012
0.001188203125,-0.1532567100400362,0.807382481873065
0.001189453125,-0.1485664272159647,0.8199280502325725
0.001190703125,-0.1432061039884545,0.8311173409315927
0.001191953125,-0.1381808009626636,0.8406112845550038
0.001193203125,-0.1328204777351533,0.8511224364237803
0.001194453125,-0.1277951747093625,0.8626507965379223
0.001195703125,-0.1234399120870104,0.8735010178218207
0.001196953125,-0.1190846494646583,0.8823168226149881
0.001198203125,-0.1133893060354287,0.8911326274081556
0.001199453125,-0.1080289828079184,0.899948432201323
0.001200703125,-0.1030036797821276,0.9087642369944904
0.001201953125,-0.0983133969580561,0.9169019029574141
0.001203203125,-0.09295307373054584,0.9257177077505816
0.001204453125,-0.08792777070475499,0.9328381654681399
0.001205703125,-0.08256744747724473,0.9399586231856982
0.001206953125,-0.07687210404801509,0.9470790809032565
0.001208203125,-0.07184680102222424,0.9545386080359367
0.001209453125,-0.06648647779471398,0.9606418575081295
0.001210703125,-0.06112615456720373,0.9650497599047132
0.001211953125,-0.05576583133969348,0.9711530093769061
0.001213203125,-0.05040550811218323,0.9762390506037334
0.001214453125,-0.04504518488467298,0.980986022415439
0.001215703125,-0.03934984145544333,0.9860720636422663
0.001216953125,-0.03432453842965247,0.9898018272086063
0.001218203125,-0.02862919500042283,0.9931925213598246
0.001219453125,-0.0225988313694738,0.9969222849261646
0.001220703125,-0.01790854854540232,0.9992957708320175
0.001221953125,-0.01221320511617268,1.002347395568114
0.001223203125,-0.006517861686943039,1.004381812058845
0.001224453125,-0.001492558661152177,1.007094367379819
0.001225703125,0.004202784768077466,1.008789714455429
0.001226953125,0.009898128197307109,1.009806922700794
0.001228203125,0.01525845142481736,1.010824130946159
0.001229453125,0.02061877465232761,1.010824130946159
0.001230703125,0.02631411808155725,1.011163200361281
0.001231953125,0.03167444130906751,1.011841339191525
0.001233203125,0.03736978473829715,1.010145992115916
0.001234453125,0.04239508776408801,1.00912878387055
0.001235703125,0.04775541099159827,1.007094367379819
0.001236953125,0.0537857746225473,1.005738089719332
0.001238203125,0.05881107764833816,1.003703673228601
0.001239453125,0.0648414412792872,1.000652048492505
0.001240703125,0.07053678470851685,0.9979394931715302
0.001241953125,0.0755620877343077,0.9945487990203119
0.001243203125,0.08058739076009855,0.9901408966237282
0.001244453125,0.08561269378588943,0.9870892718876317
0.001245703125,0.09097301701339966,0.9826813694910481
0.001246953125,0.09700338064434871,0.9782734670944644
0.001248203125,0.1020286836701396,0.9725092870373934
0.001249453125,0.106718966494211,0.9670841763954442
0.001250703125,0.1117442695200019,0.9613199963383732
0.001251953125,0.1164345523440734,0.9555558162813022
0.001253203125,0.1214598553698642,0.9491134973939874
0.001254453125,0.1274902190008133,0.9419930396764292
0.001255703125,0.1321805018248847,0.9338553737135054
0.001256953125,0.1362007442455174,0.926734915995947
0.001258203125,0.1412260472713083,0.9196144582783888
0.001259453125,0.1459163300953798,0.9111377229003432
0.001260703125,0.1509416331211706,0.9023219181071758
0.001261953125,0.1556319159452421,0.8924889050686429
0.001263203125,0.1599871785675942,0.8829949614452318
0.001264453125,0.1643424411899463,0.8741791566520644
0.001265703125,0.1683626836105789,0.8646852130286533
0.001266953125,0.1723829260312116,0.8534959223296331
0.001268203125,0.1777432492587219,0.8436629092911002
0.001269453125,0.1824335320827934,0.8317954797618363
0.001270703125,0.186453774503426,0.8216233973081816
0.001271953125,0.1898039765206199,0.8100950371940396
0.001273203125,0.1928191583360945,0.7982276076647757
0.001274453125,0.1975094411601659,0.7863601781355118
0.001275703125,0.2021997239842374,0.7741536791911262
0.001276953125,0.2058849462031507,0.7605909025862533
0.001278203125,0.2092351482203446,0.7480453342267458
0.001279453125,0.2122503300358191,0.7344825576218728
0.001280703125,0.2166055926581712,0.7209197810169998
0.001281953125,0.2199557946753651,0.7076960738272488
0.001283203125,0.223305996692559,0.6931160889770103
0.001284453125,0.2273262391131917,0.6788751735418936
0.001285703125,0.2303414209286662,0.664634258106777
0.001286953125,0.2333566027441407,0.6497152038414168
0.001288203125,0.2357017441561765,0.6347961495760566
0.001289453125,0.2393869663750898,0.6195380258955744
0.001290703125,0.2424021481905643,0.6042799022150923
0.001291953125,0.2447472896026,0.5883436397043666
0.001293203125,0.2477624714180746,0.5730855160238846
0.001294453125,0.2507776532335491,0.5557929758526715
0.001295703125,0.2537928350490236,0.5398567133419457
0.001296953125,0.2564729966627787,0.5232423120009764
0.001298203125,0.2578130774696563,0.5056107024146416
0.001299453125,0.2604932390834114,0.489335370488794
0.001300703125,0.2621683400920083,0.4723818997327028
0.001301953125,0.2648485017057635,0.454750290146368
0.001303203125,0.2668586229160798,0.4381358888053986
0.001304453125,0.2688687441263962,0.4194870709736983
0.001305703125,0.2712138855384319,0.4008382531419979
0.001306953125,0.2735590269504676,0.3835457129707849
0.001308203125,0.2748991077573452,0.36591410338445
0.001309453125,0.2759041683625034,0.3479434243829934
0.001310703125,0.2779142895728197,0.3286164677210494
0.001311953125,0.2792543703796972,0.3096285804742273
0.001313203125,0.2805944511865748,0.2909797626425269
0.001314453125,0.281599511791733,0.2726700142259484
0.001315703125,0.28327461280033,0.2540211963942481
0.001316953125,0.2842796734054881,0.2353723785625477
0.001318203125,0.2856197542123657,0.2160454219006038
0.001319453125,0.2862897946158044,0.1967184652386598
0.001320703125,0.2866248148175238,0.1780696474069595
0.001321953125,0.287629875422682,0.1580645519147718
0.001323203125,0.2879648956244014,0.1387375952528279
0.001324453125,0.2889699562295596,0.1197497080060057
0.001325703125,0.2896399966329984,0.0997446125138181
0.001326953125,0.289304976431279,0.07973951702163047
0.001328203125,0.2899750168347178,0.06041256035968649
0.001329453125,0.2903100370364372,0.04176374252798616
0.001330703125,0.2903100370364372,0.02175864703579854
0.001331953125,0.2899750168347178,0.002431690373854565
0.001333203125,0.2903100370364372,-0.01723433570321124
0.001334453125,0.2896399966329984,-0.03690036178027703
0.001335703125,0.2889699562295596,-0.05690545727246465
0.001336953125,0.2886349360278402,-0.07555427510416499
0.001338203125,0.2879648956244014,-0.09488123176610896
0.001339453125,0.2872948552209627,-0.1148863272582966
0.001340703125,0.2856197542123657,-0.1345523533353624
0.001341953125,0.2842796734054881,-0.1542183794124282
0.001343203125,0.2829395925986106,-0.1725281278290067
0.001344453125,0.2829395925986106,-0.1925332233211943
0.001345703125,0.281599511791733,-0.2118601799831383
0.001346953125,0.2792543703796972,-0.2311871366450823
0.001348203125,0.2762391885642227,-0.2501750238919044
0.001349453125,0.2759041683625034,-0.2695019805538484
0.001350703125,0.273894047152187,-0.287472659555305
0.001351953125,0.2718839259418707,-0.3064605468021272
0.001353203125,0.2702088249332737,-0.3251093646338275
0.001354453125,0.2681987037229573,-0.3440972518806497
0.001355703125,0.2648485017057635,-0.3620679308821064
0.001356953125,0.2621683400920083,-0.380038609883563
0.001358203125,0.2598231986799726,-0.3983483583001415
0.001359453125,0.2581480976713756,-0.41665810671672
0.001360703125,0.2547978956541817,-0.4353069245484203
0.001361953125,0.2521177340404266,-0.4522603953045116
0.001363203125,0.2484325118215133,-0.4698920048908464
0.001364453125,0.2447472896026,-0.4865064062318158
0.001365703125,0.2420671279888449,-0.5041380158181508
0.001366953125,0.2390519461733704,-0.521091486574242
0.001368203125,0.2360367643578959,-0.5377058879152113
0.001369453125,0.2320165219372632,-0.5549984280864243
0.001370703125,0.2283312997183499,-0.5712737600122719
0.001371953125,0.2243110572977172,-0.5875490919381194
0.001373203125,0.2202908148770845,-0.6034853544488452
0.001374453125,0.2166055926581712,-0.6187434781293273
0.001375703125,0.2125853502375385,-0.6343406712249312
0.001376953125,0.2085651078169058,-0.6495987949054133
0.001378203125,0.2042098451945538,-0.6648569185858954
0.001379453125,0.2001896027739211,-0.6797759728512556
0.001380703125,0.1961693603532884,-0.6946950271166159
0.001381953125,0.1921491179326557,-0.707918734306367
0.001383203125,0.1871238149068648,-0.7221596497414836
0.001384453125,0.1824335320827934,-0.7360614957614784
0.001385703125,0.1774082290570025,-0.750302411196595
0.001386953125,0.1733879866363698,-0.7631870489712244
0.001388203125,0.1693677442157371,-0.7757326173307318
0.001389453125,0.1640074209882269,-0.7882781856902393
0.001390703125,0.1593171381641554,-0.800484684634625
0.001391953125,0.1539568149366451,-0.8123521141638889
0.001393203125,0.1489315119108543,-0.8242195436931526
0.001394453125,0.1439062088850634,-0.8354088343921728
0.001395703125,0.1398859664644307,-0.8462590556760713
0.001396953125,0.1345256432369205,-0.8571092769599696
0.001398203125,0.1295003402111296,-0.8672813594136244
0.001399453125,0.1244750371853388,-0.8771143724521573
0.001400703125,0.1194497341595479,-0.8872864549058119
0.001401953125,0.1147594513354764,-0.8967803985292231
0.001403203125,0.1087290877045274,-0.9052571339072687
0.001404453125,0.1030337442752977,-0.9144120081155579
0.001405703125,0.09767342104778748,-0.9225496740784817
0.001406953125,0.09298313822371601,-0.9306873400414055
0.001408203125,0.08728779479448637,-0.9381468671740856
0.001409453125,0.0825975119704149,-0.9462845331370093
0.001410703125,0.07723718874290464,-0.9534049908545676
0.001411953125,0.07187686551539441,-0.9591691709116387
0.001413203125,0.06584650188444535,-0.9652724203838315
0.001414453125,0.06048617865693511,-0.9713756698560244
0.001415703125,0.05579589583286364,-0.9764617110828517
0.001416953125,0.04976553220191461,-0.9818868217248009
0.001418203125,0.04373516857096558,-0.9866337935365065
0.001419453125,0.03971492615033288,-0.9917198347633338
0.001420703125,0.03401958272110325,-0.9947714594994302
0.001421953125,0.02664913828327665,-0.9988402924808921
0.001423203125,0.02128881505576639,-1.002570056047232
0.001424453125,0.01626351202997553,-1.00596075019845
0.001425703125,0.01123820900418467,-1.007995166689181
0.001426953125,0.005542865574955028,-1.010029583179912
0.001428203125,-0.0004874980559940052,-1.011724930255521
0.001429453125,-0.005847821283504257,-1.01342027733113
0.001430703125,-0.01120814451101451,-1.014437485576496
0.001431953125,-0.01723850814196354,-1.014437485576496
0.001433203125,-0.0225988313694738,-1.014776554991618
0.001434453125,-0.02829417479870344,-1.014776554991618
0.001435703125,-0.0333194778244943,-1.014776554991618
0.001436953125,-0.03901482125372394,-1.013759346746252
0.001438203125,-0.0443751444812342,-1.012742138500887
0.001439453125,-0.05040550811218323,-1.011724930255521
0.001440703125,-0.05576583133969348,-1.009351444349669
0.001441953125,-0.06112615456720373,-1.006977958443816
0.001443203125,-0.06682149799643339,-1.003587264292598
0.001444453125,-0.07184680102222424,-1.000874708971623
0.001445703125,-0.0772071242497345,-0.9978230842355267
0.001446953125,-0.08223242727552535,-0.9937542512540648
0.001448203125,-0.08792777070475499,-0.9900244876877247
0.001449453125,-0.09328809393226525,-0.9849384464608973
0.001450703125,-0.09864841715977549,-0.9798524052340699
0.001451953125,-0.1030036797821276,-0.9747663640072426
0.001453203125,-0.1090340434130766,-0.9693412533652934
0.001454453125,-0.1140593464388675,-0.9632380038931005
0.001455703125,-0.1180795888595002,-0.9571347544209078
0.001456953125,-0.1234399120870104,-0.9503533661184713
0.001458203125,-0.1274601545076431,-0.9425547695706693
0.001459453125,-0.1331554979368727,-0.9347561730228674
0.001460703125,-0.1391858615678218,-0.9279747847204308
0.001461953125,-0.1428710837867351,-0.9194980493423853
0.001463203125,-0.1478963868125259,-0.9110213139643397
0.001464453125,-0.1515816090314392,-0.9022055091711723
0.001465703125,-0.1562718918555107,-0.8930506349628829
0.001466953125,-0.1612971948813016,-0.8838957607545938
0.001468203125,-0.1656524575036536,-0.8747408865463044
0.001469453125,-0.1696726999242863,-0.8645688040926498
0.001470703125,-0.1740279625466384,-0.8540576522238732
0.001471953125,-0.1780482049672711,-0.8432074309399749
0.001473203125,-0.1824034675896232,-0.8323572096560765
0.001474453125,-0.1857536696068171,-0.8204897801268126
0.001475703125,-0.1901089322291692,-0.8089614200126706
0.001476953125,-0.1937941544480825,-0.7967549210682849
0.001478203125,-0.1974793766669958,-0.784887491539021
0.001479453125,-0.2018346392893478,-0.7723419231795136
0.001480703125,-0.2051848413065417,-0.7597963548200061
0.001481953125,-0.2088700635254551,-0.746572647630255
0.001483203125,-0.2122202655426489,-0.7333489404405038
0.001484453125,-0.2159054877615623,-0.7201252332507527
0.001485703125,-0.2189206695770368,-0.7065624566458797
0.001486953125,-0.2222708715942307,-0.6926606106258849
0.001488203125,-0.2256210736114246,-0.6777415563605247
0.001489453125,-0.2286362554268991,-0.6631615715102862
0.001490703125,-0.231986457444093,-0.6485815866600478
0.001491953125,-0.2343315988561288,-0.6336625323946875
0.001493203125,-0.2373467806716033,-0.6184044087142054
0.001494453125,-0.2406969826887972,-0.6028072156186015
0.001495703125,-0.2440471847059911,-0.5875490919381194
0.001496953125,-0.245722285714588,-0.5712737600122719
0.001498203125,-0.2487374675300625,-0.5549984280864243
0.001499453125,-0.2517526493455371,-0.5387230961605768
0.001500703125,-0.2540977907575728,-0.5221086948196074
0.001501953125,-0.2564429321696086,-0.5061724323088816
0.001503203125,-0.2581180331782055,-0.4885408227225467
0.001504453125,-0.2604631745902413,-0.4715873519664556
0.001505703125,-0.2624732958005576,-0.4542948117952425
0.001506953125,-0.264483417010874,-0.4370022716240295
0.001508203125,-0.2661585180194709,-0.4197097314528165
0.001509453125,-0.2678336190280678,-0.4020781218664816
0.001510703125,-0.2701787604401036,-0.3841074428650249
0.001511953125,-0.2715188412469812,-0.3657976944484464
0.001513203125,-0.2735289624572975,-0.3478270154469897
0.001514453125,-0.2745340230624557,-0.3298563364455331
0.001515703125,-0.276544144272772,-0.3115465880289546
0.001516953125,-0.278219245281369,-0.2928977701972542
0.001518203125,-0.2785542654830884,-0.2739098829504321
0.001519453125,-0.2802293664916853,-0.2552610651187318
0.001520703125,-0.2805643866934047,-0.2366122472870315
0.001521953125,-0.2815694472985629,-0.2176243600402093
0.001523203125,-0.2822394877020016,-0.1989755422085089
0.001524453125,-0.2832445483071598,-0.1793095161314432
0.001525703125,-0.2839145887105986,-0.1606606982997428
0.001526953125,-0.284249608912318,-0.1413337416377989
0.001528203125,-0.2852546695174762,-0.1223458543909767
0.001529453125,-0.285924709920915,-0.1026798283139109
0.001530703125,-0.2855896897191956,-0.08335287165196693
0.001531953125,-0.2862597301226343,-0.06436498440514479
0.001533203125,-0.285924709920915,-0.04537709715832264
0.001534453125,-0.2855896897191956,-0.02571107108125684
0.001535703125,-0.2855896897191956,-0.006384114419312862
0.001536953125,-0.2862597301226343,0.01362098107287476
0.001538203125,-0.285924709920915,0.03193072948945326
0.001539453125,-0.2849196493157568,0.05125768615139724
0.001540703125,-0.2839145887105986,0.07024557339821939
0.001541953125,-0.2835795685088792,0.09058973830552884
0.001543203125,-0.2829095281054405,0.109577625552351
0.001544453125,-0.2822394877020016,0.1282264433840513
0.001545703125,-0.2815694472985629,0.1475534000459953
0.001546953125,-0.2798943462899659,0.1668803567079393
0.001548203125,-0.2785542654830884,0.1858682439547614
0.001549453125,-0.2772141846762108,0.2048561312015836
0.001550703125,-0.2758741038693333,0.2231658796181621
0.001551953125,-0.2745340230624557,0.2421537668649842
0.001553203125,-0.2728589220538587,0.26181979294205
0.001554453125,-0.2708488008435423,0.2808076801888722
0.001555703125,-0.2691736998349454,0.2991174286054507
0.001556953125,-0.2664935382211903,0.3170881076069074
0.001558203125,-0.264483417010874,0.3347197171932422
0.001559453125,-0.262808316002277,0.3537076044400644
0.001560703125,-0.2604631745902413,0.371678283441521
0.001561953125,-0.2574479927747667,0.3896489624429778
0.001563203125,-0.2547678311610116,0.4079587108595562
0.001564453125,-0.2514176291438177,0.4249121816156474
0.001565703125,-0.2494075079335013,0.4428828606171041
0.001566953125,-0.2467273463197462,0.4601754007883171
0.001568203125,-0.2437121645042717,0.4781460797897738
0.001569453125,-0.2403619624870778,0.4947604811307432
0.001570703125,-0.2363417200664451,0.5110358130565907
0.001571953125,-0.2329915180492512,0.527989283812682
0.001573203125,-0.2303113564354961,0.5446036851536513
0.001574453125,-0.2269611544183021,0.5615571559097425
0.001575703125,-0.2236109524011082,0.5771543490053465
0.001576953125,-0.2185856493753174,0.5927515421009504
0.001578203125,-0.2149004271564041,0.6083487351965542
0.001579453125,-0.2108801847357714,0.6229287200467927
0.001580703125,-0.2078650029202969,0.6392040519726402
0.001581953125,-0.2038447604996642,0.6548012450682441
0.001583203125,-0.1991544776755927,0.6693812299184826
0.001584453125,-0.19513423525496,0.6836221453535992
0.001585703125,-0.1911139928343273,0.6971849219584721
0.001586953125,-0.1877637908171334,0.7114258373935888
0.001588203125,-0.1827384877913426,0.7256667528287054
0.001589453125,-0.1783832251689905,0.7392295294335783
0.001590703125,-0.1740279625466384,0.7521141672082077
0.001591953125,-0.1686676393191281,0.7639815967374715
0.001593203125,-0.1649824171002149,0.7768662345121008
0.001594453125,-0.1606271544778628,0.7894118028716083
0.001595703125,-0.1556018514520719,0.8019573712311158
0.001596953125,-0.1505765484262811,0.813146661930136
0.001598203125,-0.1448812049970514,0.8243359526291562
0.001599453125,-0.1405259423746993,0.8351861739130546
0.001600703125,-0.1358356595506279,0.846036395196953
0.001601953125,-0.1311453767265564,0.8572256858959731
0.001603203125,-0.1267901141042043,0.8680759071798715
0.001604453125,-0.1210947706749747,0.8768917119730389
0.001605703125,-0.1157344474474644,0.88638565559645
0.001606953125,-0.1107091444216736,0.8952014603896175
0.001608203125,-0.1063538817993215,0.9040172651827849
0.001609453125,-0.1006585383700918,0.9128330699759523
0.001610703125,-0.09563323534430099,0.9219879441842416
0.001611953125,-0.09027291211679073,0.9291084019017999
0.001613203125,-0.08625266969615805,0.9352116513739926
0.001614453125,-0.08055732626692841,0.9426711785066728
0.001615703125,-0.07486198283769877,0.950130705639353
0.001616953125,-0.0695016596101885,0.957590232772033
0.001618203125,-0.06380631618095886,0.9633544128291041
0.001619453125,-0.058781013155168,0.9684404540559315
0.001620703125,-0.05342068992765774,0.9735264952827588
0.001621953125,-0.04839538690186689,0.9779343976793425
0.001623203125,-0.04270004347263724,0.9840376471515354
0.001624453125,-0.03733972024512699,0.9887846189632409
0.001625703125,-0.03164437681589734,0.9921753131144592
0.001626953125,-0.02494397278150953,0.9952269378505556
0.001628203125,-0.02058871015915745,0.9982785625866519
0.001629453125,-0.01589842733508598,1.00166925673787
0.001630703125,-0.01053810410757573,1.004720881473967
0.001631953125,-0.004507740476626694,1.006416228549576
0.001633203125,0.001522623154322339,1.008450645040307
0.001634453125,0.006547926180113201,1.008789714455429
0.001635703125,0.01224326960934284,1.009467853285672
0.001636953125,0.01726857263513371,1.010824130946159
0.001638203125,0.02296391606436335,1.011841339191525
0.001639453125,0.02932929989703177,1.010824130946159
0.001640703125,0.03468962312454203,1.009806922700794
0.001641953125,0.04038496655377167,1.00912878387055
0.001643203125,0.04507524937784314,1.008111575625185
0.001644453125,0.05043557260535339,1.006755297964698
0.001645703125,0.05613091603458303,1.00539902030421
0.001646953125,0.06149123926209329,1.002347395568114
0.001648203125,0.06819164329648111,0.9996348402471392
0.001649453125,0.07288192612055258,0.996244146095921
0.001650703125,0.07723718874290464,0.9938706601900683
0.001651953125,0.0825975119704149,0.9901408966237282
0.001653203125,0.08829285539964454,0.9853939248120227
0.001654453125,0.09398819882887419,0.9803078835851953
0.001655703125,0.09901350185466504,0.9755609117734898
0.001656953125,0.1040388048804559,0.9694576623012969
0.001658203125,0.1090641079062468,0.9653888293198351
0.001659453125,0.1137543907303182,0.959624649262764
0.001660703125,0.1197847543612673,0.9528432609603276
0.001661953125,0.1244750371853388,0.9447055949974038
0.001663203125,0.1295003402111296,0.9375851372798455
0.001664453125,0.1341906230352011,0.9311428183925308
0.001665703125,0.1382108654558338,0.9236832912598507
0.001666953125,0.1432361684816246,0.9155456252969268
0.001668203125,0.1482614715074155,0.9074079593340031
0.001669453125,0.1532867745332064,0.8975749462954702
0.001670703125,0.1573070169538391,0.8887591415023028
0.001671953125,0.1619972997779105,0.8799433367091354
0.001673203125,0.1663525624002626,0.8701103236706025
0.001674453125,0.1710428452243341,0.8602773106320696
0.001675703125,0.1753981078466862,0.8490880199330494
0.001676953125,0.17874830986388,0.8385768680642728
0.001678203125,0.1827685522845127,0.8277266467803744
0.001679453125,0.1867887947051454,0.8168764254964761
0.001680703125,0.1918140977309363,0.8050089959672122
0.001681953125,0.195834340151569,0.7928024970228266
0.001683203125,0.2001896027739211,0.7799178592481972
0.001684453125,0.2038748249928344,0.7670332214735679
0.001685703125,0.2072250270100283,0.7548267225291823
0.001686953125,0.211245269430661,0.7429592929999184
0.001688203125,0.2142604512461355,0.7297355858101673
0.001689453125,0.2176106532633294,0.7154946703750507
0.001690703125,0.2206258350788039,0.7002365466945686
0.001691953125,0.2243110572977172,0.6870128395048174
0.001693203125,0.2276612593149111,0.6731109934848226
0.001694453125,0.2316815017355438,0.658870078049706
0.001695703125,0.2350317037527377,0.6432728849541021
0.001696953125,0.2380468855682122,0.6273366224433764
0.001698203125,0.2407270471819674,0.6120784987628943
0.001699453125,0.2430721885940031,0.597159444497534
0.001700703125,0.246422390611197,0.5815622514019301
0.001701953125,0.2491025522249521,0.5659650583063263
0.001703203125,0.2521177340404266,0.549011587550235
0.001704453125,0.2544628754524623,0.5327362556243874
0.001705703125,0.2568080168644981,0.5157827848682962
0.001706953125,0.2591531582765338,0.4981511752819615
0.001708203125,0.2611632794868501,0.4815367739409921
0.001709453125,0.2638434411006053,0.4645833031849009
0.001710703125,0.2658535623109216,0.4476298324288097
0.001711953125,0.2681987037229573,0.4293200840122312
0.001713203125,0.2702088249332737,0.4120275438410181
0.001714453125,0.2718839259418707,0.3937177954244396
0.001715703125,0.2735590269504676,0.3754080470078611
0.001716953125,0.2748991077573452,0.3570982985912826
0.001718203125,0.2769092289676615,0.3387885501747041
0.001719453125,0.2785843299762585,0.3208178711732474
0.001720703125,0.2795893905814166,0.3014909145113034
0.001721953125,0.2809294713882942,0.2828420966796031
0.001723203125,0.2829395925986106,0.2645323482630246
0.001724453125,0.2839446532037687,0.2452053916010806
0.001725703125,0.2856197542123657,0.2258784349391367
0.001726953125,0.2862897946158044,0.2072296171074363
0.001728203125,0.2862897946158044,0.1882417298606142
0.001729453125,0.2872948552209627,0.1685757037835484
0.001730703125,0.2879648956244014,0.1495878165367263
0.001731953125,0.2886349360278402,0.1299217904596605
0.001733203125,0.2889699562295596,0.1109339032128383
0.001734453125,0.289304976431279,0.09126787713577249
0.001735703125,0.2903100370364372,0.07194092047382851
0.001736953125,0.2899750168347178,0.05193582498164089
0.001738203125,0.2896399966329984,0.03226979890457509